CREATE TABLE lodgingchain (
  chainId text PRIMARY KEY NOT NULL,
  chainName text,
  headquarters text,
  regionalPresence text,
  yearFounded INTEGER,
  numHotels INTEGER,
  numRooms INTEGER
);


INSERT INTO lodgingchain (chainId, chainName, headquarters, regionalPresence, yearFounded, numHotels, numRooms)
VALUES
('ACC','Accor','France','Worldwide',1967,3700,450487),
('AMA','Aman Resorts','Singapore','Worldwide',1988,29,500),
('AME','AmericInn','United States','United States (Primarily Midwestern)',1984,203,12445),
('BAN','Banyan Tree Holdings','Singapore','Worldwide',1994,36,NULL),
('BES','Best Western Hotels','United States','Worldwide',1946,4000,NULL),
('CAR','Carlson Rezidor Hotel Group','Belgium','Worldwide',1938,1439,166241),
('CHO','Choice Hotels','United States','Worldwide',2006,6372,500000),
('DRU','Drury Hotels','United States','United States',1973,120,18835),
('DUS','Dusit Thani Group','Thailand','Worldwide',1948,29,NULL),
('EXT','Extended Stay America','United States','United States and Canada',1995,630,69000),
('FAI','Fairmont Raffles Hotels and Resorts','Canada','Worldwide',2006,105,42000),
('FOU','Four Seasons Hotels and Resorts','Canada','Worldwide',1960,98,NULL),
('HIL','Hilton Worldwide','United States','Worldwide',1919,4322,715000),
('HOM','Home Inns','China','China',2002,3000,NULL),
('HON','Hongkong and Shanghai Hotels','Hong Kong','Asia-Pacific, North America, Europe',1928,10,NULL),
('HYA','Hyatt Hotels Corporation','United States','Worldwide',1957,560,152986),
('IN2','InTown Suites','United States','United States',1988,138,17978),
('INT','InterContinental Hotels Group (IHG)','United Kingdom','Worldwide',2003,4900,726876),
('JIN','Jinjiang International','China','China',2003,1767,258000),
('KEM','Kempinski','Switzerland','Worldwide',1897,75,NULL),
('LA','La Quinta Inns & Suites','United States','United States, Canada, Mexico',1968,700,84659),
('LOE','Loews Hotels','United States','United States',1946,20,8597),
('LOT','Lotte Hotels & Resorts','Republic of Korea','Worldwide',1973,21,NULL),
('MAN','Mandarin Oriental Hotel Group','Hong Kong','Worldwide',1963,41,10000),
('MAR','Marriott International','United States','Worldwide',1927,4087,697000),
('MIL','Millennium Hotels','United Kingdom','Worldwide',1972,120,30939),
('MIN','Minor Hotel Group','Thailand','Asia Pacific,Europe,Middle East,Africa',1978,126,16500),
('MOT','Motel 6','United States','United States',1962,1100,100129),
('OAK','Oakwood Corporate Housing','United States','Worldwide',1960,25000,NULL),
('OBE','Oberoi Hotels & Resorts','India','Worldwide',1934,20,NULL),
('OKU','Okura Hotels','Japan','Worldwide',1962,79,NULL),
('OMN','Omni Hotels & Resorts','United States','United States, Canada, Mexico',1958,60,20000),
('PRE','Premier Inn','United Kingdom','Worldwide',1987,690,55000),
('RED','Red Roof Inn','United States','United States',1973,420,NULL),
('REG','Regent Hotels & Resorts','Taiwan','Worldwide',1971,7,NULL),
('SHA','Shangri-La Hotels and Resorts','Hong Kong','Worldwide',1971,78,33553),
('SHI','Shilo Inns','United States','Western United States',1974,43,4234),
('STA','Starwood Hotels and Resorts Worldwide','United States','Worldwide',1969,1200,335415),
('TAJ','Taj Hotels Resorts and Palaces','India','India, USA, South Africa, UK, Australia',1903,125,NULL),
('THE','The Ascott Limited','Singapore','Asia-Pacific, Europe, Gulf',1984,200,22719),
('VAN','Vantage Hospitality','United States','United States and Canada',1999,1090,65782),
('WYN','Wyndham Worldwide','United States','Worldwide',2006,7757,671923);


CREATE TABLE brand (
  brandId INTEGER PRIMARY KEY NOT NULL,
  brandName text NOT NULL,
  brandSegment text,
  brandMinSqFt INTEGER,
  chainId text NOT NULL,
  FOREIGN KEY (chainId) REFERENCES lodgingchain(chainId)
);


INSERT INTO brand (brandId, brandName, brandSegment, brandMinSqFt, chainId)
VALUES
(001,'Sofitel','Luxury',350,'ACC'),
(002,'Thalassa','Luxury',235,'ACC'),
(003,'Banyan Tree','Luxury',517,'BAN'),
(004,'Quorvus Collection','Luxury',NULL,'CAR'),
(005,'Dusit Thani','Luxury',320,'DUS'),
(006,'Conrad','Luxury',235,'HIL'),
(007,'Waldorf Astoria Hotels & Resorts','Luxury',349,'HIL'),
(008,'Curio','Luxury',349,'HIL'),
(009,'The Peninsula Hotels','Luxury',370,'HON'),
(010,'Grand Hyatt','Luxury',280,'HYA'),
(011,'Park Hyatt','Luxury',350,'HYA'),
(012,'InterContinental','Luxury',305,'INT'),
(013,'Kempinski','Luxury',356,'KEM'),
(014,'Mandarin Oriental','Luxury',363,'MAN'),
(015,'BVLGARI','Luxury',351,'MAR'),
(016,'JW Marriott','Luxury',363,'MAR'),
(017,'Ritz-Carlton','Luxury',364,'MAR'),
(018,'Edition','Luxury',329,'MAR'),
(019,'Autograph Collection','Luxury',357,'MAR'),
(020,'Anantara Hotels','Luxury',396,'MIN'),
(021,' Resorts & Spas','Luxury',309,'MIN'),
(022,'PER AQUUM Hotels & Resorts','Luxury',359,'MIN'),
(023,'Oberoi','Luxury',367,'OBE'),
(024,'JAL City','Luxury',359,'OKU'),
(025,'Okura','Luxury',396,'OKU'),
(026,'Regent Hotels & Resorts','Luxury',302,'REG'),
(027,'Shangri-La Hotels','Luxury',321,'SHA'),
(028,'St. Regis','Luxury',300,'STA'),
(029,'Luxury Collection','Luxury',339,'STA'),
(030,'W Hotels','Luxury',395,'STA'),
(031,'Taj','Luxury',359,'TAJ'),
(032,'Pullman','Upper Upscale',356,'ACC'),
(033,'MGallery','Upper Upscale',396,'ACC'),
(034,'Mama Shelter','Upper Upscale',355,'ACC'),
(035,'Angsana','Upper Upscale',378,'BAN'),
(036,'Radisson Blu','Upper Upscale',405,'CAR'),
(037,'Dusit Devarana','Upper Upscale',402,'DUS'),
(038,'Dusit Residence','Upper Upscale',374,'DUS'),
(039,'Fairmont','Upper Upscale',386,'FAI'),
(040,'Raffles','Upper Upscale',388,'FAI'),
(041,'Four Seasons','Upper Upscale',364,'FOU'),
(042,'Hilton','Upper Upscale',376,'HIL'),
(043,'DoubleTree','Upper Upscale',369,'HIL'),
(044,'Andaz','Upper Upscale',367,'HYA'),
(045,'Hyatt Regency','Upper Upscale',378,'HYA'),
(046,'Kimpton Hotels & Restaurants','Upper Upscale',371,'INT'),
(047,'Crowne Plaza','Upper Upscale',370,'INT'),
(048,'Loews Hotels','Upper Upscale',389,'LOE'),
(049,'Gaylord','Upper Upscale',416,'MAR'),
(050,'Marriott','Upper Upscale',351,'MAR'),
(051,'Renaissance','Upper Upscale',367,'MAR'),
(052,'AC by Marriott','Upper Upscale',365,'MAR'),
(053,'Grand Millenium Hotels','Upper Upscale',375,'MIL'),
(054,'Oaks Hotels & Resort','Upper Upscale',361,'MIN'),
(055,'Nikko Hotels','Upper Upscale',400,'OKU'),
(056,'Omni Hotels & Resorts','Upper Upscale',355,'OMN'),
(057,'Westin','Upper Upscale',367,'STA'),
(058,'Le Meridien','Upper Upscale',350,'STA'),
(059,'Sheraton','Upper Upscale',369,'STA'),
(060,'Vivanta By Taj','Upper Upscale',378,'TAJ'),
(061,'Dolce Hotels and Resorts','Upper Upscale',362,'WYN'),
(062,'Wyndham Grand Hotels and Resorts','Upper Upscale',398,'WYN'),
(063,'Oakwood','Upper Upscale',414,'OAK'),
(064,'Grand Mercure','Upscale',344,'ACC'),
(065,'The Sebel','Upscale',357,'ACC'),
(066,'Quay West','Upscale',332,'ACC'),
(067,'Park Plaza','Upscale',369,'CAR'),
(068,'Radisson','Upscale',331,'CAR'),
(069,'Radisson Red','Upscale',329,'CAR'),
(070,'Ascend Collection','Upscale',330,'CHO'),
(071,'Cambria Suites','Upscale',346,'CHO'),
(072,'Clarion Hotel','Upscale',321,'CHO'),
(073,'Drury Plaza Hotel','Upscale',348,'DRU'),
(074,'Dusit Princess','Upscale',354,'DUS'),
(075,'Royal Princess','Upscale',360,'DUS'),
(076,'Swisstel','Upscale',366,'FAI'),
(077,'Embassy Suites','Upscale',333,'HIL'),
(078,'Hilton Garden Inn','Upscale',348,'HIL'),
(079,'Homewood Suites','Upscale',321,'HIL'),
(080,'Home 2 Suites','Upscale',342,'HIL'),
(081,'Hyatt','Upscale',327,'HYA'),
(082,'Hotel Indigo','Upscale',340,'INT'),
(083,'Marriott Executive Apartment','Upscale',348,'MAR'),
(084,'Delta Hotels and Resorts','Upscale',352,'MAR'),
(085,'Protea Hotels','Upscale',345,'MAR'),
(086,'Millennium Hotels','Upscale',349,'MIL'),
(087,'Grand Copthrone Hotels','Upscale',340,'MIL'),
(088,'AVANI Hotels & Resorts','Upscale',334,'MIN'),
(089,'Trident','Upscale',330,'OBE'),
(090,'Traders Hotels','Upscale',328,'SHA'),
(091,' Jen Hotels','Upscale',333,'SHA'),
(092,'Aloft','Upscale',362,'STA'),
(093,'The Gateway Hotels & Resorts','Upscale',339,'TAJ'),
(094,'Ascott The Residence','Upscale',340,'THE'),
(095,'Wyndham Hotels & Resorts','Upscale',365,'WYN'),
(096,'Novotel','Upper Midscale',326,'ACC'),
(097,'Suite Novotel','Upper Midscale',374,'ACC'),
(098,'Adagio','Upper Midscale',359,'ACC'),
(099,'Citigate','Upper Midscale',374,'ACC'),
(100,'Best Western Premier','Upper Midscale',334,'BES'),
(101,'Country Inn & Suites','Upper Midscale',332,'CAR'),
(102,'Park Inn','Upper Midscale',357,'CAR'),
(103,'Clarion Inn','Upper Midscale',334,'CHO'),
(104,'Comfort Inn','Upper Midscale',377,'CHO'),
(105,'Comfort Suites','Upper Midscale',351,'CHO'),
(106,'Drury Suites','Upper Midscale',322,'DRU'),
(107,'Dusit D2','Upper Midscale',338,'DUS'),
(108,'Hampton Inn','Upper Midscale',349,'HIL'),
(109,'Hampton Inn & Suites','Upper Midscale',353,'HIL'),
(110,'Yitel','Upper Midscale',338,'HOM'),
(111,'Hyatt House','Upper Midscale',333,'HYA'),
(112,'Hyatt Place','Upper Midscale',354,'HYA'),
(113,'Even Hotels','Upper Midscale',313,'INT'),
(114,'Staybridge Suites','Upper Midscale',365,'INT'),
(115,'Holiday Inn','Upper Midscale',348,'INT'),
(116,'Courtyard by Marriott','Upper Midscale',347,'MAR'),
(117,'Springhill Suites','Upper Midscale',315,'MAR'),
(118,'Residence Inn by Marriott','Upper Midscale',312,'MAR'),
(119,'Moxy','Upper Midscale',318,'MAR'),
(120,'Copthorne Hotels','Upper Midscale',355,'MIL'),
(121,'M Hotels','Upper Midscale',365,'MIL'),
(122,'Premier Inn','Upper Midscale',302,'PRE'),
(123,'Kerry Hotels','Upper Midscale',354,'SHA'),
(124,'element by Westin','Upper Midscale',329,'STA'),
(125,'Four Points','Upper Midscale',362,'STA'),
(126,'Citadines Apart Hotel','Upper Midscale',367,'THE'),
(127,'Somerset Serviced Residence','Upper Midscale',371,'THE'),
(128,'TRYP by Wyndham','Upper Midscale',376,'WYN'),
(129,'Wyndham Garden Hotels','Upper Midscale',310,'WYN'),
(130,'Mercure','Midscale',342,'ACC'),
(131,'ibis','Midscale',318,'ACC'),
(132,'ibis Styles','Midscale',283,'ACC'),
(133,'Best Western Plus','Midscale',343,'BES'),
(134,'Mainstay Suites','Midscale',348,'CHO'),
(135,'Quality Inn','Midscale',350,'CHO'),
(136,'Sleep Inn','Midscale',349,'CHO'),
(137,'Drury Inn','Midscale',332,'DRU'),
(138,'Drury Inn and Suites','Midscale',334,'DRU'),
(139,'Homeinn Plus','Midscale',316,'HOM'),
(140,'Holiday Inn Express','Midscale',300,'INT'),
(141,'Fairfield Inn','Midscale',349,'MAR'),
(142,'TownePlace Suites','Midscale',328,'MAR'),
(143,'Kingsgate Hotels','Midscale',312,'MIL'),
(144,'Shilo Inns','Midscale',297,'SHI'),
(145,'Lexington by Vantage','Midscale',349,'VAN'),
(146,'Baymont Inn','Midscale',335,'WYN'),
(147,'Hawthorn Suites','Midscale',350,'WYN'),
(148,'Howard Johnson','Midscale',306,'WYN'),
(149,'Ramada','Midscale',280,'WYN'),
(150,'Wingate By Wyndham','Midscale',283,'WYN'),
(151,'Homestead Studio Suites','Midscale',295,'EXT'),
(152,'ibis Budget','Economy',292,'ACC'),
(153,'hotelF1','Economy',282,'ACC'),
(154,'Americinn','Economy',285,'AME'),
(155,'Best Western','Economy',280,'BES'),
(156,'Econo Lodge','Economy',296,'CHO'),
(157,'Rodeway Inn','Economy',289,'CHO'),
(158,'Suburban Extended Stay Hotel','Economy',259,'CHO'),
(159,'Pear Tree Inn','Economy',276,'DRU'),
(160,'Home Inns','Economy',256,'HOM'),
(161,'Motel 168','Economy',252,'HOM'),
(162,'Fairyland Hotels','Economy',292,'HOM'),
(163,'Candlewood Suites','Economy',254,'INT'),
(164,'InTown Suites','Economy',295,'IN2'),
(165,'Jinjiang Inns','Economy',264,'JIN'),
(166,'La Quinta Inn','Economy',286,'LA'),
(167,'Motel 6','Economy',287,'MOT'),
(168,'Studio 6','Economy',277,'MOT'),
(169,'Ginger Hotels','Economy',275,'TAJ'),
(170,'Americas Best Value Inn','Economy',296,'VAN'),
(171,'Canadas Best Value Inn','Economy',257,'VAN'),
(172,'Days Inn','Economy',294,'WYN'),
(173,'Howard Johnson Express Inn','Economy',299,'WYN'),
(174,'Knights Inn','Economy',267,'WYN'),
(175,'Microtel Inn','Economy',286,'WYN'),
(176,'Super 8','Economy',280,'WYN'),
(177,'Travelodge','Economy',293,'WYN'),
(178,'Extended Stay America','Economy',274,'EXT'),
(179,'Red Roof Inn','Economy',293,'RED');


CREATE TABLE hotel (
  hotelId INTEGER PRIMARY KEY NOT NULL,
  hotelName text NOT NULL,
  hotelStarRating REAL,
  hotelType text,
  hotelStreet text,
  hotelZIP INTEGER,
  hotelCity text,
  hotelState text,
  hotelRooms INTEGER,
  hotelUrl text,
  brandId INTEGER,
  employeeId INTEGER,
  FOREIGN KEY (brandId) REFERENCES brand (brandId)
);

INSERT INTO hotel (hotelId, hotelName, hotelStarRating, hotelType, hotelStreet, hotelZIP, hotelCity, hotelState, hotelRooms, hotelUrl, brandId, employeeId)
VALUES 
(00000072572,'BEST WESTERN PLUS Pioneer Square Hotel',3.5,'hotel','77 Yesler Way',98104,'Seattle','WA',128,'http://www.tripadvisor.com/Hotel_Review-g60878-d72572-Reviews-BEST_WESTERN_PLUS_Pioneer_Square_Hotel-Seattle_Washington.html',133,03793),
(00000072579,'BEST WESTERN Loyal Inn',2.0,'hotel','2301 8th Ave.',98121,'Seattle','WA',25,'http://www.tripadvisor.com/Hotel_Review-g60878-d72579-Reviews-BEST_WESTERN_Loyal_Inn-Seattle_Washington.html',155,03767),
(00000072586,'BEST WESTERN PLUS Executive Inn',3.0,'hotel','200 Taylor Ave. N',98109,'Seattle','WA',160,'http://www.tripadvisor.com/Hotel_Review-g60878-d72586-Reviews-BEST_WESTERN_PLUS_Executive_Inn-Seattle_Washington.html',133,03696),
(00000072598,'Comfort Inn & Suites Seattle',2.5,'hotel','13700 Aurora Ave N',98133,'Seattle','WA',78,'http://www.tripadvisor.com/Hotel_Review-g60878-d72598-Reviews-Comfort_Inn_Suites_Seattle-Seattle_Washington.html',104,03737),
(00000073236,'Days Inn San Antonio/Near Lackland AFB',2.0,'hotel','6815 Highway 90 West',78227,'San Antonio','TX',32,'http://www.tripadvisor.com/Hotel_Review-g60956-d73236-Reviews-Days_Inn_San_Antonio_Near_Lackland_AFB-San_Antonio_Texas.html',172,01843),
(00000073242,'BEST WESTERN Ingram Park Inn',2.5,'hotel','6855 NW Loop 410',78238,'San Antonio','TX',70,'http://www.tripadvisor.com/Hotel_Review-g60956-d73242-Reviews-BEST_WESTERN_Ingram_Park_Inn-San_Antonio_Texas.html',102,01887),
(00000073250,'Extend A Suites-San Antonio',1.0,'hotel','9735 Interstate Highway 35 North',78233,'San Antonio','TX',17,'http://www.tripadvisor.com/Hotel_Review-g60956-d73250-Reviews-Extend_A_Suites_San_Antonio-San_Antonio_Texas.html',NULL,01824),
(00000073445,'BEST WESTERN PLUS Westchase Mini-Suites',3.0,'hotel','2950 West Sam Houston Parkway South',77042,'Houston','TX',58,'http://www.tripadvisor.com/Hotel_Review-g56003-d73445-Reviews-BEST_WESTERN_PLUS_Westchase_Mini_Suites-Houston_Texas.html',133,00849),
(00000073463,'Downtowner Inn and Suites',2.0,'hotel','8600 Gulf Freeway',77017,'Houston','TX',29,'http://www.tripadvisor.com/Hotel_Review-g56003-d73463-Reviews-Downtowner_Inn_and_Suites-Houston_Texas.html',NULL,00129),
(00000073470,'Greenway Inn & Suites',1.5,'hotel','2929 Southwest Freeway (US 59)',77098,'Houston','TX',21,'http://www.tripadvisor.com/Hotel_Review-g56003-d73470-Reviews-Greenway_Inn_Suites-Houston_Texas.html',NULL,00193),
(00000073481,'Holiday Inn Express - Houston',2.5,'hotel','4434 FM 1960 Road West',77068,'Houston','TX',69,'http://www.tripadvisor.com/Hotel_Review-g56003-d73481-Reviews-Holiday_Inn_Express_Houston-Houston_Texas.html',140,00319),
(00000073543,'American Inn',1.0,'hotel','7318 Calmont Avenue',76116,'Fort Worth','TX',20,'http://www.tripadvisor.com/Hotel_Review-g55857-d73543-Reviews-American_Inn-Fort_Worth_Texas.html',NULL,03398),
(00000073551,'Super 8 Fort Worth/Downtown Area',2.0,'hotel','6500 South Freeway',76134,'Fort Worth','TX',35,'http://www.tripadvisor.com/Hotel_Review-g55857-d73551-Reviews-Super_8_Fort_Worth_Downtown_Area-Fort_Worth_Texas.html',176,03375),
(00000073560,'BEST WESTERN Inn Fort Worth',2.5,'hotel','6700 Fossil Bluff Drive',76137,'Fort Worth','TX',49,'http://www.tripadvisor.com/Hotel_Review-g55857-d73560-Reviews-BEST_WESTERN_Inn_Fort_Worth-Fort_Worth_Texas.html',155,03403),
(00000073572,'Hotel Trinity InnSuites Fort Worth / DFW',3.0,'hotel','2000 Beach Street',76103,'Fort Worth','TX',158,'http://www.tripadvisor.com/Hotel_Review-g55857-d73572-Reviews-Hotel_Trinity_InnSuites_Fort_Worth_DFW-Fort_Worth_Texas.html',NULL,03399),
(00000073589,'BEST WESTERN Sunland Park Inn',1.0,'hotel','1045 Sunland Park Drive',79922,'El Paso','TX',19,'http://www.tripadvisor.com/Hotel_Review-g60768-d73589-Reviews-BEST_WESTERN_Sunland_Park_Inn-El_Paso_Texas.html',102,03643),
(00000073595,'Super 8 El paso Airport',2.0,'hotel','7144 Gateway Boulevard East',79915,'El Paso','TX',27,'http://www.tripadvisor.com/Hotel_Review-g60768-d73595-Reviews-Super_8_El_paso_Airport-El_Paso_Texas.html',176,03605),
(00000073644,'BEST WESTERN Market Center',2.5,'hotel','2023 Market Center Boulevard',75207,'Dallas','TX',70,'http://www.tripadvisor.com/Hotel_Review-g55711-d73644-Reviews-BEST_WESTERN_Market_Center-Dallas_Texas.html',155,02297),
(00000073706,'BEST WESTERN Airport Inn',2.0,'hotel','2425 South 24th Street',85034,'Phoenix','AZ',63,'http://www.tripadvisor.com/Hotel_Review-g31310-d73706-Reviews-BEST_WESTERN_Airport_Inn-Phoenix_Arizona.html',155,02115),
(00000073712,'Super 8 Phoenix',2.0,'hotel','17211 North Black Canyon Hwy',85023,'Phoenix','AZ',39,'http://www.tripadvisor.com/Hotel_Review-g31310-d73712-Reviews-Super_8_Phoenix-Phoenix_Arizona.html',176,02016),
(00000073718,'Lexington Hotel Central Phoenix',1.0,'hotel','1100 N Central Ave',85004,'Phoenix','AZ',20,'http://www.tripadvisor.com/Hotel_Review-g31310-d73718-Reviews-Lexington_Hotel_Central_Phoenix-Phoenix_Arizona.html',NULL,02072),
(00000073727,'Grace Inn Phoenix',3.0,'hotel','10831 South 51st Street',85044,'Phoenix','AZ',39,'http://www.tripadvisor.com/Hotel_Review-g31310-d73727-Reviews-Grace_Inn_Phoenix-Phoenix_Arizona.html',NULL,02012),
(00000073739,'BEST WESTERN PLUS InnSuites Phoenix Hotel & Suites',2.5,'hotel','1615 East Northern Ave.',85020,'Phoenix','AZ',92,'http://www.tripadvisor.com/Hotel_Review-g31310-d73739-Reviews-BEST_WESTERN_PLUS_InnSuites_Phoenix_Hotel_Suites-Phoenix_Arizona.html',133,02127),
(00000073743,'A Victory Inn & Suites Phoenix North',2.0,'hotel','1711 W. Bell Road',85023,'Phoenix','AZ',47,'http://www.tripadvisor.com/Hotel_Review-g31310-d73743-Reviews-A_Victory_Inn_Suites_Phoenix_North-Phoenix_Arizona.html',NULL,02043),
(00000073751,'Courtyard by Marriott Phoenix North',3.0,'hotel','9631 North Black Canyon Highway',85021,'Phoenix','AZ',47,'http://www.tripadvisor.com/Hotel_Review-g31310-d73751-Reviews-Courtyard_by_Marriott_Phoenix_North-Phoenix_Arizona.html',116,02113),
(00000073757,'Renaissance Phoenix Downtown',3.5,'hotel','50 East Adams Street',85004,'Phoenix','AZ',69,'http://www.tripadvisor.com/Hotel_Review-g31310-d73757-Reviews-Renaissance_Phoenix_Downtown-Phoenix_Arizona.html',051,02159),
(00000073759,'Baymont Inn & Suites Austin South',2.5,'hotel','4323 South Interstate Highway 35',78744,'Austin','TX',82,'http://www.tripadvisor.com/Hotel_Review-g30196-d73759-Reviews-Baymont_Inn_Suites_Austin_South-Austin_Texas.html',146,02806),
(00000073760,'Days Inn Camelback Phoenix and Conference Center',2.0,'hotel','502 W Camelback Rd',85013,'Phoenix','AZ',62,'http://www.tripadvisor.com/Hotel_Review-g31310-d73760-Reviews-Days_Inn_Camelback_Phoenix_and_Conference_Center-Phoenix_Arizona.html',172,02011),
(00000073763,'BEST WESTERN Atrium North',2.5,'hotel','7928 Gessner Drive',78753,'Austin','TX',43,'http://www.tripadvisor.com/Hotel_Review-g30196-d73763-Reviews-BEST_WESTERN_Atrium_North-Austin_Texas.html',155,02920),
(00000073768,'Days Inn I-17 & Thomas',2.0,'hotel','2420 West Thomas Rd',85015,'Phoenix','AZ',66,'http://www.tripadvisor.com/Hotel_Review-g31310-d73768-Reviews-Days_Inn_I_17_Thomas-Phoenix_Arizona.html',172,02047),
(00000073773,'Americas Best Value Inn Phoenix/I-10 West',1.0,'hotel','1550 North 52nd Drive',85043,'Phoenix','AZ',18,'http://www.tripadvisor.com/Hotel_Review-g31310-d73773-Reviews-Americas_Best_Value_Inn_Phoenix_I_10_West-Phoenix_Arizona.html',170,02083),
(00000073782,'Comfort Suites Conference Center',1.0,'hotel','3210 Northwest Grand Avenue',85017,'Phoenix','AZ',16,'http://www.tripadvisor.com/Hotel_Review-g31310-d73782-Reviews-Comfort_Suites_Conference_Center-Phoenix_Arizona.html',105,02067),
(00000073787,'Holiday Inn & Suites Phoenix Airport North',3.0,'hotel','1515 North 44th Street',85008,'Phoenix','AZ',142,'http://www.tripadvisor.com/Hotel_Review-g31310-d73787-Reviews-Holiday_Inn_Suites_Phoenix_Airport_North-Phoenix_Arizona.html',115,02122),
(00000073792,'Embassy Suites Phoenix Airport at 24th Street',3.0,'hotel','2333 E Thomas Rd',85016,'Phoenix','AZ',116,'http://www.tripadvisor.com/Hotel_Review-g31310-d73792-Reviews-Embassy_Suites_Phoenix_Airport_at_24th_Street-Phoenix_Arizona.html',077,02008),
(00000073799,'Embassy Suites Hotel Phoenix-North',3.0,'hotel','2577 W Greenway Road',85023,'Phoenix','AZ',114,'http://www.tripadvisor.com/Hotel_Review-g31310-d73799-Reviews-Embassy_Suites_Hotel_Phoenix_North-Phoenix_Arizona.html',077,02098),
(00000073803,'Days Inn Phoenix West',2.0,'hotel','1241 N 53rd Avenue',85043,'Phoenix','AZ',37,'http://www.tripadvisor.com/Hotel_Review-g31310-d73803-Reviews-Days_Inn_Phoenix_West-Phoenix_Arizona.html',172,02040),
(00000073805,'BEST WESTERN Phoenix I-17 MetroCenter Inn',2.5,'hotel','8101 North Black Canyon Highway',85021,'Phoenix','AZ',101,'http://www.tripadvisor.com/Hotel_Review-g31310-d73805-Reviews-BEST_WESTERN_Phoenix_I_17_MetroCenter_Inn-Phoenix_Arizona.html',155,02117),
(00000073810,'Hampton Inn Phoenix Midtown (Downtown Area)',2.5,'hotel','160 West Catalina Drive',85013,'Phoenix','AZ',38,'http://www.tripadvisor.com/Hotel_Review-g31310-d73810-Reviews-Hampton_Inn_Phoenix_Midtown_Downtown_Area-Phoenix_Arizona.html',108,02124),
(00000073817,'Windsor Palms Apartments',1.0,'hotel','2990 West Thunderbird Road',85053,'Phoenix','AZ',20,'http://www.tripadvisor.com/Hotel_Review-g31310-d73817-Reviews-Windsor_Palms_Apartments-Phoenix_Arizona.html',NULL,02057),
(00000073821,'Hilton Phoenix Airport',3.5,'hotel','2435 South 47th Street',85034,'Phoenix','AZ',231,'http://www.tripadvisor.com/Hotel_Review-g31310-d73821-Reviews-Hilton_Phoenix_Airport-Phoenix_Arizona.html',042,02101),
(00000073825,'Holiday Inn Phoenix-West',3.0,'hotel','1500 N. 51st Ave.',85043,'Phoenix','AZ',152,'http://www.tripadvisor.com/Hotel_Review-g31310-d73825-Reviews-Holiday_Inn_Phoenix_West-Phoenix_Arizona.html',115,02084),
(00000073840,'Holiday Inn Phoenix Downtown North',3.0,'hotel','212 W Osborn',85013,'Phoenix','AZ',165,'http://www.tripadvisor.com/Hotel_Review-g31310-d73840-Reviews-Holiday_Inn_Phoenix_Downtown_North-Phoenix_Arizona.html',115,02096),
(00000073855,'Hyatt Regency Phoenix',3.5,'hotel','122 North 2nd Street',85004,'Phoenix','AZ',188,'http://www.tripadvisor.com/Hotel_Review-g31310-d73855-Reviews-Hyatt_Regency_Phoenix-Phoenix_Arizona.html',045,02116),
(00000073859,'La Quinta Inn Phoenix Thomas Road',2.0,'hotel','2725 North Black Canyon Highway',85009,'Phoenix','AZ',46,'http://www.tripadvisor.com/Hotel_Review-g31310-d73859-Reviews-La_Quinta_Inn_Phoenix_Thomas_Road-Phoenix_Arizona.html',166,02094),
(00000073862,'La Quinta Inn Phoenix North',2.5,'hotel','2510 West Greenway Road',85023,'Phoenix','AZ',41,'http://www.tripadvisor.com/Hotel_Review-g31310-d73862-Reviews-La_Quinta_Inn_Phoenix_North-Phoenix_Arizona.html',166,02118),
(00000073869,'Motel 6 Phoenix - Black Canyon',1.0,'hotel','4130 N Black Canyon Hwy',85017,'Phoenix','AZ',19,'http://www.tripadvisor.com/Hotel_Review-g31310-d73869-Reviews-Motel_6_Phoenix_Black_Canyon-Phoenix_Arizona.html',167,02042),
(00000073875,'Motel 6 Phoenix East',1.0,'hotel','5315 E Van Buren St',85008,'Phoenix','AZ',18,'http://www.tripadvisor.com/Hotel_Review-g31310-d73875-Reviews-Motel_6_Phoenix_East-Phoenix_Arizona.html',167,02063),
(00000073880,'BEST WESTERN Travelers Inn',1.0,'hotel','5024 Highway 78',38118,'Memphis','TN',17,'http://www.tripadvisor.com/Hotel_Review-g55197-d73880-Reviews-BEST_WESTERN_Travelers_Inn-Memphis_Tennessee.html',155,03894),
(00000073882,'Motel 6 Phoenix North - Bell Road',1.0,'hotel','2330 West Bell Road',85023,'Phoenix','AZ',18,'http://www.tripadvisor.com/Hotel_Review-g31310-d73882-Reviews-Motel_6_Phoenix_North_Bell_Road-Phoenix_Arizona.html',167,02065),
(00000073884,'Motel 6 Phoenix - Northern Avenue',1.0,'hotel','8152 N Black Canyon Hwy',85051,'Phoenix','AZ',15,'http://www.tripadvisor.com/Hotel_Review-g31310-d73884-Reviews-Motel_6_Phoenix_Northern_Avenue-Phoenix_Arizona.html',167,02058),
(00000073886,'BEST WESTERN Suites',1.0,'hotel','6045 Macon Cove',38134,'Memphis','TN',20,'http://www.tripadvisor.com/Hotel_Review-g55197-d73886-Reviews-BEST_WESTERN_Suites-Memphis_Tennessee.html',155,03912),
(00000073889,'Days Inn Phoenix Metro Center',2.0,'hotel','2735 W. Sweetwater Ave.',85029,'Phoenix','AZ',37,'http://www.tripadvisor.com/Hotel_Review-g31310-d73889-Reviews-Days_Inn_Phoenix_Metro_Center-Phoenix_Arizona.html',172,02082),
(00000073896,'Hilton Suites Phoenix',3.5,'hotel','10 East Thomas Road',85012,'Phoenix','AZ',76,'http://www.tripadvisor.com/Hotel_Review-g31310-d73896-Reviews-Hilton_Suites_Phoenix-Phoenix_Arizona.html',042,02003),
(00000073905,'Phoenix Place Hotel & Suites',3.5,'hotel','3600 N. Second Ave.',85013,'Phoenix','AZ',95,'http://www.tripadvisor.com/Hotel_Review-g31310-d73905-Reviews-Phoenix_Place_Hotel_Suites-Phoenix_Arizona.html',NULL,02087),
(00000073910,'Travel Inn Airport',1.0,'hotel','3541 East Van Buren Street',85008,'Phoenix','AZ',19,'http://www.tripadvisor.com/Hotel_Review-g31310-d73910-Reviews-Travel_Inn_Airport-Phoenix_Arizona.html',NULL,02077),
(00000073923,'Drury Inn & Suites Phoenix Airport',3.0,'hotel','3333 East University Drive',85034,'Phoenix','AZ',37,'http://www.tripadvisor.com/Hotel_Review-g31310-d73923-Reviews-Drury_Inn_Suites_Phoenix_Airport-Phoenix_Arizona.html',137,02166),
(00000073927,'Howard Johnson Phoenix Airport/Downtown Area',2.0,'hotel','4120 E. Van Buren',85008,'Phoenix','AZ',49,'http://www.tripadvisor.com/Hotel_Review-g31310-d73927-Reviews-Howard_Johnson_Phoenix_Airport_Downtown_Area-Phoenix_Arizona.html',148,02089),
(00000073937,'Residence Inn by Marriott Phoenix',3.0,'hotel','8242 N Black Canyon Freeway',85051,'Phoenix','AZ',107,'http://www.tripadvisor.com/Hotel_Review-g31310-d73937-Reviews-Residence_Inn_Phoenix-Phoenix_Arizona.html',118,02007),
(00000073943,'Royal Palms Resort and Spa',5.0,'hotel','5200 East Camelback Road',85018,'Phoenix','AZ',383,'http://www.tripadvisor.com/Hotel_Review-g31310-d73943-Reviews-Royal_Palms_Resort_and_Spa-Phoenix_Arizona.html',NULL,01406),
(00000073947,'Sheraton Crescent Hotel',3.5,'hotel','2620 West Dunlap Avenue',85021,'Phoenix','AZ',174,'http://www.tripadvisor.com/Hotel_Review-g31310-d73947-Reviews-Sheraton_Crescent_Hotel-Phoenix_Arizona.html',059,02161),
(00000073950,'Sleep Inn Airport',2.0,'hotel','2621 S. 47th Pl.',85034,'Phoenix','AZ',50,'http://www.tripadvisor.com/Hotel_Review-g31310-d73950-Reviews-Sleep_Inn_Airport-Phoenix_Arizona.html',136,02099),
(00000073957,'Pointe Hilton Squaw Peak Resort',3.5,'hotel','7677 North 16th Street',85020,'Phoenix','AZ',106,'http://www.tripadvisor.com/Hotel_Review-g31310-d73957-Reviews-Pointe_Hilton_Squaw_Peak_Resort-Phoenix_Arizona.html',042,02000),
(00000073977,'Budget Lodge of Phoenix',1.0,'hotel','8617 Black Canyon Hwy',85021,'Phoenix','AZ',20,'http://www.tripadvisor.com/Hotel_Review-g31310-d73977-Reviews-Budget_Lodge_of_Phoenix-Phoenix_Arizona.html',NULL,02020),
(00000073982,'Days Inn Phoenix Airport',1.5,'hotel','2900 E Van Buren St',85008,'Phoenix','AZ',27,'http://www.tripadvisor.com/Hotel_Review-g31310-d73982-Reviews-Days_Inn_Phoenix_Airport-Phoenix_Arizona.html',172,02049),
(00000073985,'Knights Inn Phoenix',1.5,'hotel','3101 North 32nd St',85018,'Phoenix','AZ',29,'http://www.tripadvisor.com/Hotel_Review-g31310-d73985-Reviews-Knights_Inn_Phoenix-Phoenix_Arizona.html',174,02038),
(00000074059,'Stanyan Park Hotel',1.0,'hotel','750 Stanyan Street',94117,'San Francisco','CA',18,'http://www.tripadvisor.com/Hotel_Review-g60713-d74059-Reviews-Stanyan_Park_Hotel-San_Francisco_California.html',NULL,02712),
(00000074363,'BEST WESTERN PLUS Independence Park Hotel',3.0,'hotel','235 Chestnut Street',19106,'Philadelphia','PA',107,'http://www.tripadvisor.com/Hotel_Review-g60795-d74363-Reviews-BEST_WESTERN_PLUS_Independence_Park_Hotel-Philadelphia_Pennsylvania.html',133,01395),
(00000074370,'BEST WESTERN Center City Hotel',2.5,'hotel','501 North 22nd Street',19130,'Philadelphia','PA',34,'http://www.tripadvisor.com/Hotel_Review-g60795-d74370-Reviews-BEST_WESTERN_Center_City_Hotel-Philadelphia_Pennsylvania.html',155,01359),
(00000074410,'Budget Inn',2.0,'hotel','5259 W Mcdowell Rd',85035,'Phoenix','AZ',43,'http://www.tripadvisor.com/Hotel_Review-g31310-d74410-Reviews-Budget_Inn-Phoenix_Arizona.html',NULL,02060),
(00000074545,'Residence Inn by Marriott Phoenix Airport',3.0,'hotel','801 North 44th Street',85008,'Phoenix','AZ',107,'http://www.tripadvisor.com/Hotel_Review-g31310-d74545-Reviews-Residence_Inn_Phoenix_Airport-Phoenix_Arizona.html',118,02123),
(00000074548,'Marriott Phoenix Airport',3.5,'hotel','1101 North 44th Street',85008,'Phoenix','AZ',213,'http://www.tripadvisor.com/Hotel_Review-g31310-d74548-Reviews-Marriott_Phoenix_Airport-Phoenix_Arizona.html',050,02119),
(00000074561,'Sterling International Hotels',1.0,'hotel','124 South 24th Street',85034,'Phoenix','AZ',18,'http://www.tripadvisor.com/Hotel_Review-g31310-d74561-Reviews-Sterling_International_Hotels-Phoenix_Arizona.html',NULL,02044),
(00000074583,'Fairfield Inn Phoenix Airport',2.5,'hotel','4702 E University Drive',85034,'Phoenix','AZ',72,'http://www.tripadvisor.com/Hotel_Review-g31310-d74583-Reviews-Fairfield_Inn_Phoenix_Airport-Phoenix_Arizona.html',141,02111),
(00000074587,'Extended Stay America - Phoenix - Airport',2.0,'hotel','3421 East Elwood Street',85040,'Phoenix','AZ',49,'http://www.tripadvisor.com/Hotel_Review-g31310-d74587-Reviews-Extended_Stay_America_Phoenix_Airport-Phoenix_Arizona.html',178,02090),
(00000074590,'Courtyard by Marriott Phoenix Airport',3.0,'hotel','2621 South 47th Street',85034,'Phoenix','AZ',159,'http://www.tripadvisor.com/Hotel_Review-g31310-d74590-Reviews-Courtyard_by_Marriott_Phoenix_Airport-Phoenix_Arizona.html',116,02121),
(00000074624,'Hampton Inn Phoenix-Biltmore',3.0,'hotel','2310 E. Highland Ave',85016,'Phoenix','AZ',38,'http://www.tripadvisor.com/Hotel_Review-g31310-d74624-Reviews-Hampton_Inn_Phoenix_Biltmore-Phoenix_Arizona.html',108,02128),
(00000074626,'Legacy Golf Resort',3.5,'hotel','6808 South 32nd St.',85042,'Phoenix','AZ',189,'http://www.tripadvisor.com/Hotel_Review-g31310-d74626-Reviews-Legacy_Golf_Resort-Phoenix_Arizona.html',NULL,02143),
(00000074652,'Extended Stay America - Phoenix - Midtown',2.5,'hotel','217 West Osborn Road',85013,'Phoenix','AZ',35,'http://www.tripadvisor.com/Hotel_Review-g31310-d74652-Reviews-Extended_Stay_America_Phoenix_Midtown-Phoenix_Arizona.html',178,02013),
(00000074657,'Extended Stay America - Phoenix - Metro Center',2.0,'hotel','11211 North Black Canyon Highway',85029,'Phoenix','AZ',35,'http://www.tripadvisor.com/Hotel_Review-g31310-d74657-Reviews-Extended_Stay_America_Phoenix_Metro_Center-Phoenix_Arizona.html',178,02066),
(00000074669,'Sleep Inn North',2.0,'hotel','18235 N. 27th Avenue',85053,'Phoenix','AZ',37,'http://www.tripadvisor.com/Hotel_Review-g31310-d74669-Reviews-Sleep_Inn_North-Phoenix_Arizona.html',136,02114),
(00000074673,'Phoenix Villager Premier - Royal Suites',1.0,'hotel','10421 North 33rd Avenue',85051,'Phoenix','AZ',20,'http://www.tripadvisor.com/Hotel_Review-g31310-d74673-Reviews-Phoenix_Villager_Premier_Royal_Suites-Phoenix_Arizona.html',NULL,02027),
(00000074687,'Ramada Inn Phoenix Downtown',1.0,'hotel','401 North First St.',85004,'Phoenix','AZ',18,'http://www.tripadvisor.com/Hotel_Review-g31310-d74687-Reviews-Ramada_Inn_Phoenix_Downtown-Phoenix_Arizona.html',149,02050),
(00000074720,'Days Inn Phoenix',2.0,'hotel','21636 North 26th Avenue',85027,'Phoenix','AZ',56,'http://www.tripadvisor.com/Hotel_Review-g31310-d74720-Reviews-Days_Inn_Phoenix-Phoenix_Arizona.html',172,02059),
(00000074724,'Travel Inn',1.0,'hotel','4021 North 27th Avenue',85017,'Phoenix','AZ',15,'http://www.tripadvisor.com/Hotel_Review-g31310-d74724-Reviews-Travel_Inn-Phoenix_Arizona.html',NULL,02045),
(00000074732,'Knights Inn Fairground-Phoenix',2.0,'hotel','1624 N. Black Canyon Freeway',85009,'Phoenix','AZ',45,'http://www.tripadvisor.com/Hotel_Review-g31310-d74732-Reviews-Knights_Inn_Fairground_Phoenix-Phoenix_Arizona.html',174,02054),
(00000074739,'Travelodge Phoenix (50th Ave.)',2.0,'hotel','1424 North 50th Ave',85043,'Phoenix','AZ',58,'http://www.tripadvisor.com/Hotel_Review-g31310-d74739-Reviews-Travelodge_Phoenix_50th_Ave-Phoenix_Arizona.html',177,02071),
(00000074744,'Super 8 Motel - Phoenix West I-10',2.0,'hotel','1242 North West 53rd Ave',85043,'Phoenix','AZ',50,'http://www.tripadvisor.com/Hotel_Review-g31310-d74744-Reviews-Super_8_Motel_Phoenix_West_I_10-Phoenix_Arizona.html',176,02081),
(00000074752,'Phoenix Metro North Super 8 Motel',2.0,'hotel','8130 North Black Canyon Hwy',85051,'Phoenix','AZ',51,'http://www.tripadvisor.com/Hotel_Review-g31310-d74752-Reviews-Phoenix_Metro_North_Super_8_Motel-Phoenix_Arizona.html',176,02080),
(00000074758,'La Quinta Inn Phoenix - Arcadia',2.0,'hotel','4727 East Thomas Road',85018,'Phoenix','AZ',59,'http://www.tripadvisor.com/Hotel_Review-g31310-d74758-Reviews-La_Quinta_Inn_Phoenix_Arcadia-Phoenix_Arizona.html',166,02004),
(00000074805,'Fairfield Inn Phoenix North',2.0,'hotel','17017 N. Black Canyon Highway',85023,'Phoenix','AZ',48,'http://www.tripadvisor.com/Hotel_Review-g31310-d74805-Reviews-Fairfield_Inn_Phoenix_North-Phoenix_Arizona.html',141,02005),
(00000074816,'Crossland Economy Studios - Phoenix - West',2.0,'hotel','4861 West Mc Dowell Road',85035,'Phoenix','AZ',46,'http://www.tripadvisor.com/Hotel_Review-g31310-d74816-Reviews-Crossland_Economy_Studios_Phoenix_West-Phoenix_Arizona.html',NULL,02079),
(00000074826,'Courtyard by Marriott Phoenix Camelback',3.0,'hotel','2101 East Camelback Road',85016,'Phoenix','AZ',129,'http://www.tripadvisor.com/Hotel_Review-g31310-d74826-Reviews-Courtyard_by_Marriott_Phoenix_Camelback-Phoenix_Arizona.html',116,02120),
(00000074834,'Comfort Suites Phoenix / MetroCenter',2.5,'hotel','10210 N 26th Drive',85021,'Phoenix','AZ',86,'http://www.tripadvisor.com/Hotel_Review-g31310-d74834-Reviews-Comfort_Suites_Phoenix_MetroCenter-Phoenix_Arizona.html',105,02142),
(00000074845,'Comfort Inn West',2.0,'hotel','1344 N 27th Ave',85009,'Phoenix','AZ',56,'http://www.tripadvisor.com/Hotel_Review-g31310-d74845-Reviews-Comfort_Inn_West-Phoenix_Arizona.html',104,02158),
(00000074927,'La Quinta Inn & Suites Phoenix Chandler',2.5,'hotel','15241 South 50th Street',85044,'Phoenix','AZ',30,'http://www.tripadvisor.com/Hotel_Review-g31310-d74927-Reviews-La_Quinta_Inn_Suites_Phoenix_Chandler-Phoenix_Arizona.html',166,02153),
(00000074936,'Extended Stay America - Phoenix - Chandler',2.0,'hotel','14245 S. 50th Street',85044,'Phoenix','AZ',47,'http://www.tripadvisor.com/Hotel_Review-g31310-d74936-Reviews-Extended_Stay_America_Phoenix_Chandler-Phoenix_Arizona.html',178,02078),
(00000075021,'Windsor Park Hotel',2.0,'hotel','2116 Kalorama Rd NW',20008,'Washington DC','DC',37,'http://www.tripadvisor.com/Hotel_Review-g28970-d75021-Reviews-Windsor_Park_Hotel-Washington_DC_District_of_Columbia.html',NULL,04257),
(00000075206,'BEST WESTERN Suites',2.5,'hotel','1133 Evans Way Court',43228,'Columbus','OH',94,'http://www.tripadvisor.com/Hotel_Review-g50226-d75206-Reviews-BEST_WESTERN_Suites-Columbus_Ohio.html',155,03557),
(00000075212,'BEST WESTERN PLUS Columbus North',3.0,'hotel','888 East Dublin Granville Road',43229,'Columbus','OH',77,'http://www.tripadvisor.com/Hotel_Review-g50226-d75212-Reviews-BEST_WESTERN_PLUS_Columbus_North-Columbus_Ohio.html',133,03516),
(00000075221,'Comfort Inn & Suites',2.5,'hotel','650 South High Street',43215,'Columbus','OH',84,'http://www.tripadvisor.com/Hotel_Review-g50226-d75221-Reviews-Comfort_Inn_Suites-Columbus_Ohio.html',104,03555),
(00000075662,'Holiday Inn Express Phoenix Airport (University Drive)',2.5,'hotel','3401 E University Drive & I-10',85034,'Phoenix','AZ',107,'http://www.tripadvisor.com/Hotel_Review-g31310-d75662-Reviews-Holiday_Inn_Express_Phoenix_Airport_University_Drive-Phoenix_Arizona.html',140,01998),
(00000075688,'Dream New York',4.0,'hotel','210 West 55th Street',10019,'New York City','NY',326,'http://www.tripadvisor.com/Hotel_Review-g60763-d75688-Reviews-Dream_New_York-New_York_City_New_York.html',NULL,00670),
(00000075698,'BEST WESTERN PLUS Seaport Inn Downtown',3.5,'hotel','33 Peck Slip',10038,'New York City','NY',184,'http://www.tripadvisor.com/Hotel_Review-g60763-d75698-Reviews-BEST_WESTERN_PLUS_Seaport_Inn_Downtown-New_York_City_New_York.html',133,00430),
(00000075711,'Best Western PLUS President Hotel at Times Square',3.5,'hotel','234 West 48th Street',10036,'New York City','NY',228,'http://www.tripadvisor.com/Hotel_Review-g60763-d75711-Reviews-Best_Western_PLUS_President_Hotel_at_Times_Square-New_York_City_New_York.html',133,00627),
(00000075737,'Night Hotel',4.0,'hotel','132 West 45th Street',10036,'New York City','NY',254,'http://www.tripadvisor.com/Hotel_Review-g60763-d75737-Reviews-Night_Hotel-New_York_City_New_York.html',NULL,00776),
(00000076049,'Four Seasons Hotel Los Angeles at Beverly Hills',5.0,'hotel','300 S Doheny Dr',90048,'Los Angeles','CA',107,'http://www.tripadvisor.com/Hotel_Review-g32655-d76049-Reviews-Four_Seasons_Hotel_Los_Angeles_at_Beverly_Hills-Los_Angeles_California.html',041,00002),
(00000076061,'Crowne Plaza Beverly Hills',3.5,'hotel','1150 S Beverly Dr',90035,'Los Angeles','CA',139,'http://www.tripadvisor.com/Hotel_Review-g32655-d76061-Reviews-Crowne_Plaza_Beverly_Hills-Los_Angeles_California.html',047,01257),
(00000076083,'Sofitel Los Angeles',4.5,'hotel','8555 Beverly Blvd.',90048,'Los Angeles','CA',419,'http://www.tripadvisor.com/Hotel_Review-g32655-d76083-Reviews-Sofitel_Los_Angeles-Los_Angeles_California.html',001,01298),
(00000076325,'BEST WESTERN Canoga Park Motor Inn',1.0,'hotel','20122 Vanowen Street',91306,'Los Angeles','CA',19,'http://www.tripadvisor.com/Hotel_Review-g32655-d76325-Reviews-BEST_WESTERN_Canoga_Park_Motor_Inn-Los_Angeles_California.html',155,01224),
(00000076442,'Hyatt Regency Century Plaza',4.0,'hotel','2025 Ave of the Stars',90067,'Los Angeles','CA',208,'http://www.tripadvisor.com/Hotel_Review-g32655-d76442-Reviews-Hyatt_Regency_Century_Plaza-Los_Angeles_California.html',045,01269),
(00000076446,'Century Wilshire',1.0,'hotel','10776 Wilshire Boulevard',90024,'Los Angeles','CA',20,'http://www.tripadvisor.com/Hotel_Review-g32655-d76446-Reviews-Century_Wilshire-Los_Angeles_California.html',NULL,01129),
(00000076458,'Ramada Chatsworth',2.5,'hotel','21340 Devonshire Street',91311,'Los Angeles','CA',51,'http://www.tripadvisor.com/Hotel_Review-g32655-d76458-Reviews-Ramada_Chatsworth-Los_Angeles_California.html',149,01273),
(00000076460,'Staybridge Suites Chatsworth',3.0,'hotel','21902 Lassen St.',91311,'Los Angeles','CA',152,'http://www.tripadvisor.com/Hotel_Review-g32655-d76460-Reviews-Staybridge_Suites_Chatsworth-Los_Angeles_California.html',114,01205),
(00000076741,'Hilton San Diego Mission Valley',3.5,'hotel','901 Camino del Rio South',92108,'San Diego','CA',204,'http://www.tripadvisor.com/Hotel_Review-g60750-d76741-Reviews-Hilton_San_Diego_Mission_Valley-San_Diego_California.html',042,01575),
(00000076790,'BEST WESTERN PLUS Eagle Rock Inn',1.0,'hotel','2911 Colorado Boulevard',90041,'Los Angeles','CA',17,'http://www.tripadvisor.com/Hotel_Review-g32655-d76790-Reviews-BEST_WESTERN_PLUS_Eagle_Rock_Inn-Los_Angeles_California.html',133,01032),
(00000076793,'Comfort Inn Near Old Town Pasadena - Eagle Rock',2.0,'hotel','2300 Colorado Blvd',90041,'Los Angeles','CA',29,'http://www.tripadvisor.com/Hotel_Review-g32655-d76793-Reviews-Comfort_Inn_Near_Old_Town_Pasadena_Eagle_Rock-Los_Angeles_California.html',104,01025),
(00000077157,'Rodeway Inn & Suites Pacific Coast Highway',2.0,'hotel','1665 West Pacific Coast Highway',90710,'Los Angeles','CA',54,'http://www.tripadvisor.com/Hotel_Review-g32655-d77157-Reviews-Rodeway_Inn_Suites_Pacific_Coast_Highway-Los_Angeles_California.html',157,01301),
(00000077232,'Dunes Inn - Sunset',2.5,'hotel','5625 Sunset Blvd.',90028,'Los Angeles','CA',88,'http://www.tripadvisor.com/Hotel_Review-g32655-d77232-Reviews-Dunes_Inn_Sunset-Los_Angeles_California.html',NULL,01254),
(00000077237,'Hollywood Hotel',3.0,'hotel','1160 North Vermont Avenue',90029,'Los Angeles','CA',36,'http://www.tripadvisor.com/Hotel_Review-g32655-d77237-Reviews-Hollywood_Hotel-Los_Angeles_California.html',NULL,01221),
(00000077243,'BEST WESTERN PLUS Hollywood Hills Hotel',3.0,'hotel','6141 Franklin Avenue',90028,'Los Angeles','CA',55,'http://www.tripadvisor.com/Hotel_Review-g32655-d77243-Reviews-BEST_WESTERN_PLUS_Hollywood_Hills_Hotel-Los_Angeles_California.html',133,01274),
(00000077247,'BEST WESTERN Hollywood Plaza Inn',2.5,'hotel','2011 North Highland Ave.',90068,'Los Angeles','CA',104,'http://www.tripadvisor.com/Hotel_Review-g32655-d77247-Reviews-BEST_WESTERN_Hollywood_Plaza_Inn-Los_Angeles_California.html',155,01216),
(00000077256,'Days Inn Hollywood/Universal Studios',2.0,'hotel','7023 Sunset Boulevard',90028,'Los Angeles','CA',51,'http://www.tripadvisor.com/Hotel_Review-g32655-d77256-Reviews-Days_Inn_Hollywood_Universal_Studios-Los_Angeles_California.html',172,01251),
(00000077260,'Rodeway Inn',2.0,'hotel','777 North Vine Street',90038,'Los Angeles','CA',27,'http://www.tripadvisor.com/Hotel_Review-g32655-d77260-Reviews-Rodeway_Inn-Los_Angeles_California.html',157,01170),
(00000077262,'Hollywood Premiere Motel',1.0,'hotel','5333 Hollywood Blvd.',90027,'Los Angeles','CA',17,'http://www.tripadvisor.com/Hotel_Review-g32655-d77262-Reviews-Hollywood_Premiere_Motel-Los_Angeles_California.html',NULL,01169),
(00000077264,'Hilton Garden Inn Los Angeles/Hollywood',3.0,'hotel','2005 N Highland Ave.',90068,'Los Angeles','CA',152,'http://www.tripadvisor.com/Hotel_Review-g32655-d77264-Reviews-Hilton_Garden_Inn_Los_Angeles_Hollywood-Los_Angeles_California.html',078,01016),
(00000077270,'Hollywood Orchid Suites',2.0,'hotel','1753 Orchid Ave',90028,'Los Angeles','CA',49,'http://www.tripadvisor.com/Hotel_Review-g32655-d77270-Reviews-Hollywood_Orchid_Suites-Los_Angeles_California.html',NULL,01297),
(00000077274,'Hollywood Roosevelt Hotel - A Thompson Hotel',4.0,'hotel','7000 Hollywood Boulevard',90028,'Los Angeles','CA',148,'http://www.tripadvisor.com/Hotel_Review-g32655-d77274-Reviews-Hollywood_Roosevelt_Hotel_A_Thompson_Hotel-Los_Angeles_California.html',NULL,01242),
(00000077277,'Comfort Inn Near Hollywood Walk of Fame',2.0,'hotel','7051 Sunset Boulevard',90028,'Los Angeles','CA',53,'http://www.tripadvisor.com/Hotel_Review-g32655-d77277-Reviews-Comfort_Inn_Near_Hollywood_Walk_of_Fame-Los_Angeles_California.html',104,01220),
(00000077282,'Travelodge Hollywood-Vermont/Sunset',2.0,'hotel','1401 North Vermont Avenue',90027,'Los Angeles','CA',55,'http://www.tripadvisor.com/Hotel_Review-g32655-d77282-Reviews-Travelodge_Hollywood_Vermont_Sunset-Los_Angeles_California.html',177,01217),
(00000077629,'BEST WESTERN University Hotel-Boston/Brighton',2.0,'hotel','1650 Commonwealth Ave',2135,'Boston','MA',25,'http://www.tripadvisor.com/Hotel_Review-g60745-d77629-Reviews-BEST_WESTERN_University_Hotel_Boston_Brighton-Boston_Massachusetts.html',155,03840),
(00000077638,'The Inn at Longwood Medical',3.0,'hotel','342 Longwood Avenue',2115,'Boston','MA',111,'http://www.tripadvisor.com/Hotel_Review-g60745-d77638-Reviews-The_Inn_at_Longwood_Medical-Boston_Massachusetts.html',NULL,03846),
(00000077700,'W Los Angeles - Westwood',4.0,'hotel','930 Hilgard Avenue',90024,'Los Angeles','CA',183,'http://www.tripadvisor.com/Hotel_Review-g32655-d77700-Reviews-W_Los_Angeles_Westwood-Los_Angeles_California.html',030,01284),
(00000077708,'BEST WESTERN PLUS Royal Palace Inn & Suites',2.5,'hotel','2528 South Sepulveda Boulevard',90064,'Los Angeles','CA',69,'http://www.tripadvisor.com/Hotel_Review-g32655-d77708-Reviews-BEST_WESTERN_PLUS_Royal_Palace_Inn_Suites-Los_Angeles_California.html',133,01238),
(00000077714,'DoubleTree by Hilton Hotel Los Angeles Downtown',3.5,'hotel','120 South Los Angeles',90012,'Los Angeles','CA',176,'http://www.tripadvisor.com/Hotel_Review-g32655-d77714-Reviews-DoubleTree_by_Hilton_Hotel_Los_Angeles_Downtown-Los_Angeles_California.html',043,01027),
(00000077717,'Dunes Inn - Wilshire',2.0,'hotel','4300 Wilshire Blvd.',90010,'Los Angeles','CA',36,'http://www.tripadvisor.com/Hotel_Review-g32655-d77717-Reviews-Dunes_Inn_Wilshire-Los_Angeles_California.html',NULL,01149),
(00000077729,'BEST WESTERN PLUS Dragon Gate Inn',3.5,'hotel','818 North Hill Street',90012,'Los Angeles','CA',191,'http://www.tripadvisor.com/Hotel_Review-g32655-d77729-Reviews-BEST_WESTERN_PLUS_Dragon_Gate_Inn-Los_Angeles_California.html',133,01177),
(00000077730,'BEST WESTERN PLUS Hotel & Conference Center',3.0,'hotel','5625 O\'Donnell Street',21224,'Baltimore','MD',147,'http://www.tripadvisor.com/Hotel_Review-g60811-d77730-Reviews-BEST_WESTERN_PLUS_Hotel_Conference_Center-Baltimore_Maryland.html',133,04055),
(00000077740,'Howard Johnson Los Angeles',2.0,'hotel','603 South New Hampshire Avenue',90005,'Los Angeles','CA',60,'http://www.tripadvisor.com/Hotel_Review-g32655-d77740-Reviews-Howard_Johnson_Los_Angeles-Los_Angeles_California.html',148,01048),
(00000077753,'The Historic Mayfair Hotel',2.0,'hotel','1256 West 7th Street',90017,'Los Angeles','CA',26,'http://www.tripadvisor.com/Hotel_Review-g32655-d77753-Reviews-The_Historic_Mayfair_Hotel-Los_Angeles_California.html',NULL,01168),
(00000077761,'Americas Best Value Inn & Suites-Los Angeles Downtown/S.W.',1.0,'hotel','4122 South Western Avenue',90062,'Los Angeles','CA',16,'http://www.tripadvisor.com/Hotel_Review-g32655-d77761-Reviews-Americas_Best_Value_Inn_Suites_Los_Angeles_Downtown_S_W-Los_Angeles_California.html',170,01118),
(00000077775,'Hotel Palomar Los Angeles - Westwood - a Kimpton Hotel',4.0,'hotel','10740 Wilshire Blvd at Selby Ave',90024,'Los Angeles','CA',96,'http://www.tripadvisor.com/Hotel_Review-g32655-d77775-Reviews-Hotel_Palomar_Los_Angeles_Westwood_a_Kimpton_Hotel-Los_Angeles_California.html',NULL,01299),
(00000077787,'Luxe City Center Hotel',3.5,'hotel','1020 South Figueroa Street',90015,'Los Angeles','CA',97,'http://www.tripadvisor.com/Hotel_Review-g32655-d77787-Reviews-Luxe_City_Center_Hotel-Los_Angeles_California.html',NULL,01275),
(00000077798,'Sheraton Los Angeles Downtown Hotel',3.5,'hotel','711 South Hope Street',90017,'Los Angeles','CA',93,'http://www.tripadvisor.com/Hotel_Review-g32655-d77798-Reviews-Sheraton_Los_Angeles_Downtown_Hotel-Los_Angeles_California.html',059,01029),
(00000077804,'Omni Los Angeles at California Plaza',4.0,'hotel','251 S Olive St',90012,'Los Angeles','CA',329,'http://www.tripadvisor.com/Hotel_Review-g32655-d77804-Reviews-Omni_Los_Angeles_at_California_Plaza-Los_Angeles_California.html',056,01305),
(00000077809,'Kawada Hotel',2.0,'hotel','200 South Hill Street',90012,'Los Angeles','CA',62,'http://www.tripadvisor.com/Hotel_Review-g32655-d77809-Reviews-Kawada_Hotel-Los_Angeles_California.html',NULL,01142),
(00000077827,'Luxe Sunset Boulevard Hotel',4.0,'hotel','11461 Sunset Boulevard',90049,'Los Angeles','CA',85,'http://www.tripadvisor.com/Hotel_Review-g32655-d77827-Reviews-Luxe_Sunset_Boulevard_Hotel-Los_Angeles_California.html',NULL,01291),
(00000077829,'Metro Plaza Hotel',2.0,'hotel','711 North Main Street',90012,'Los Angeles','CA',28,'http://www.tripadvisor.com/Hotel_Review-g32655-d77829-Reviews-Metro_Plaza_Hotel-Los_Angeles_California.html',NULL,01207),
(00000077844,'Radisson Midtown at USC',2.5,'hotel','3540 S Figueroa St',90007,'Los Angeles','CA',31,'http://www.tripadvisor.com/Hotel_Review-g32655-d77844-Reviews-Radisson_Midtown_at_USC-Los_Angeles_California.html',068,01181),
(00000077852,'The Wilshire Hotel Los Angeles',3.0,'hotel','3515 Wilshire Blvd.',90010,'Los Angeles','CA',90,'http://www.tripadvisor.com/Hotel_Review-g32655-d77852-Reviews-The_Wilshire_Hotel_Los_Angeles-Los_Angeles_California.html',NULL,01112),
(00000077859,'Stillwell Hotel',1.5,'hotel','838 South Grand Avenue',90017,'Los Angeles','CA',27,'http://www.tripadvisor.com/Hotel_Review-g32655-d77859-Reviews-Stillwell_Hotel-Los_Angeles_California.html',NULL,01173),
(00000077866,'Millennium Biltmore Hotel Los Angeles',3.5,'hotel','506 South Grand Avenue',90071,'Los Angeles','CA',231,'http://www.tripadvisor.com/Hotel_Review-g32655-d77866-Reviews-Millennium_Biltmore_Hotel_Los_Angeles-Los_Angeles_California.html',NULL,01039),
(00000077870,'Vagabond Inn Los Angeles-USC',2.0,'hotel','3101 S. Figueroa st',90007,'Los Angeles','CA',45,'http://www.tripadvisor.com/Hotel_Review-g32655-d77870-Reviews-Vagabond_Inn_Los_Angeles_USC-Los_Angeles_California.html',NULL,01219),
(00000077874,'The Westin Bonaventure Hotel & Suites',4.0,'hotel','404 South Figueroa Street',90071,'Los Angeles','CA',68,'http://www.tripadvisor.com/Hotel_Review-g32655-d77874-Reviews-The_Westin_Bonaventure_Hotel_Suites-Los_Angeles_California.html',057,01250),
(00000077888,'Hilton Checkers Hotel - Los Angeles',4.0,'hotel','535 South Grand Ave',90071,'Los Angeles','CA',218,'http://www.tripadvisor.com/Hotel_Review-g32655-d77888-Reviews-Hilton_Checkers_Hotel_Los_Angeles-Los_Angeles_California.html',042,01024),
(00000077917,'Embassy Suites LAX North',3.5,'hotel','9801 Airport Boulevard',90045,'Los Angeles','CA',159,'http://www.tripadvisor.com/Hotel_Review-g32655-d77917-Reviews-Embassy_Suites_LAX_North-Los_Angeles_California.html',077,01267),
(00000077923,'Holiday Inn Los Angeles International Airport',3.0,'hotel','9901 La Cienega Boulevard',90045,'Los Angeles','CA',76,'http://www.tripadvisor.com/Hotel_Review-g32655-d77923-Reviews-Holiday_Inn_Los_Angeles_International_Airport-Los_Angeles_California.html',115,01214),
(00000077931,'Holiday Inn Express Los Angeles-LAX Airport',2.5,'hotel','8620 Airport Boulevard',90045,'Los Angeles','CA',72,'http://www.tripadvisor.com/Hotel_Review-g32655-d77931-Reviews-Holiday_Inn_Express_Los_Angeles_LAX_Airport-Los_Angeles_California.html',140,01249),
(00000077944,'Renaissance Los Angeles Airport Hotel',4.0,'hotel','9620 Airport Blvd',90045,'Los Angeles','CA',77,'http://www.tripadvisor.com/Hotel_Review-g32655-d77944-Reviews-Renaissance_Los_Angeles_Airport_Hotel-Los_Angeles_California.html',051,01270),
(00000077970,'Travelodge Hotel at LAX',2.0,'hotel','5547 W. Century Blvd',90045,'Los Angeles','CA',41,'http://www.tripadvisor.com/Hotel_Review-g32655-d77970-Reviews-Travelodge_Hotel_at_LAX-Los_Angeles_California.html',177,01228),
(00000078037,'Los Angeles Airport Marriott',3.5,'hotel','5855 West Century Blvd',90045,'Los Angeles','CA',96,'http://www.tripadvisor.com/Hotel_Review-g32655-d78037-Reviews-Los_Angeles_Airport_Marriott-Los_Angeles_California.html',050,01263),
(00000078046,'Sheraton Gateway Los Angeles',3.5,'hotel','6101 W. Century Blvd',90045,'Los Angeles','CA',207,'http://www.tripadvisor.com/Hotel_Review-g32655-d78046-Reviews-Sheraton_Gateway_Los_Angeles-Los_Angeles_California.html',059,01277),
(00000078135,'Residence Inn by Marriott San Diego Rancho Bernardo / Carmel Mountain Ranch',3.0,'hotel','11002 Rancho Carmel Drive',92128,'San Diego','CA',162,'http://www.tripadvisor.com/Hotel_Review-g60750-d78135-Reviews-Residence_Inn_San_Diego_Rancho_Bernardo_Carmel_Mountain_Ranch-San_Diego_California.html',118,01642),
(00000078152,'La Quinta Inn San Diego Scripps Poway',2.0,'hotel','10185 Paseo Montril',92129,'San Diego','CA',25,'http://www.tripadvisor.com/Hotel_Review-g60750-d78152-Reviews-La_Quinta_Inn_San_Diego_Scripps_Poway-San_Diego_California.html',166,01461),
(00000078679,'BEST WESTERN PLUS Mikado Hotel',3.0,'hotel','12600 Riverside Drive',91607,'Los Angeles','CA',40,'http://www.tripadvisor.com/Hotel_Review-g32655-d78679-Reviews-BEST_WESTERN_PLUS_Mikado_Hotel-Los_Angeles_California.html',133,01053),
(00000078682,'Beverly Garland\'s Holiday Inn',3.5,'hotel','4222 Vineland Avenue',91602,'Los Angeles','CA',222,'http://www.tripadvisor.com/Hotel_Review-g32655-d78682-Reviews-Beverly_Garland_s_Holiday_Inn-Los_Angeles_California.html',115,01290),
(00000078688,'Sportsmen\'s Lodge Hotel',3.0,'hotel','12825 Ventura Boulevard, Studio City',91604,'Los Angeles','CA',151,'http://www.tripadvisor.com/Hotel_Review-g32655-d78688-Reviews-Sportsmen_s_Lodge_Hotel-Los_Angeles_California.html',NULL,01208),
(00000078694,'Hilton Los Angeles / Universal City',3.5,'hotel','555 Universal Hollywood Dr',91608,'Los Angeles','CA',239,'http://www.tripadvisor.com/Hotel_Review-g32655-d78694-Reviews-Hilton_Los_Angeles_Universal_City-Los_Angeles_California.html',042,01282),
(00000078887,'Clarion Hotel & Conference Center',2.5,'hotel','2930 Waterfront Parkway',46214,'Indianapolis','IN',49,'http://www.tripadvisor.com/Hotel_Review-g37209-d78887-Reviews-Clarion_Hotel_Conference_Center-Indianapolis_Indiana.html',072,03058),
(00000079228,'BEST WESTERN Plus Hawthorne Terrace Hotel',3.0,'hotel','3434 N Broadway Avenue',60657,'Chicago','IL',131,'http://www.tripadvisor.com/Hotel_Review-g35805-d79228-Reviews-BEST_WESTERN_Plus_Hawthorne_Terrace_Hotel-Chicago_Illinois.html',133,00859),
(00000079868,'Bay Club Hotel & Marina',3.0,'hotel','2131 Shelter Island Dr',92106,'San Diego','CA',86,'http://www.tripadvisor.com/Hotel_Review-g60750-d79868-Reviews-Bay_Club_Hotel_Marina-San_Diego_California.html',NULL,01430),
(00000079873,'Holiday Inn Express San Diego Downtown',3.0,'hotel','1430 Seventh Avenue',92101,'San Diego','CA',90,'http://www.tripadvisor.com/Hotel_Review-g60750-d79873-Reviews-Holiday_Inn_Express_San_Diego_Downtown-San_Diego_California.html',140,01607),
(00000079880,'California Suites Hotel',2.0,'hotel','5415 Clairemont Mesa Boulevard',92117,'San Diego','CA',37,'http://www.tripadvisor.com/Hotel_Review-g60750-d79880-Reviews-California_Suites_Hotel-San_Diego_California.html',NULL,01526),
(00000079888,'Red Roof Inn San Diego Downtown',2.0,'hotel','719 Ash St',92101,'San Diego','CA',56,'http://www.tripadvisor.com/Hotel_Review-g60750-d79888-Reviews-Red_Roof_Inn_San_Diego_Downtown-San_Diego_California.html',179,01507),
(00000079896,'Beachcomber Shores',1.0,'hotel','907 Turquoise Street',92109,'San Diego','CA',20,'http://www.tripadvisor.com/Hotel_Review-g60750-d79896-Reviews-Beachcomber_Shores-San_Diego_California.html',NULL,01531),
(00000079902,'BEST WESTERN PLUS Bayside Inn',3.0,'hotel','555 West Ash Street',92101,'San Diego','CA',49,'http://www.tripadvisor.com/Hotel_Review-g60750-d79902-Reviews-BEST_WESTERN_PLUS_Bayside_Inn-San_Diego_California.html',133,01618),
(00000079907,'BEST WESTERN PLUS Blue Sea Lodge',2.5,'hotel','707 Pacific Beach Drive',92109,'San Diego','CA',82,'http://www.tripadvisor.com/Hotel_Review-g60750-d79907-Reviews-BEST_WESTERN_PLUS_Blue_Sea_Lodge-San_Diego_California.html',133,01639),
(00000079913,'BEST WESTERN PLUS Hacienda Hotel Old Town',3.0,'hotel','4041 Harney St',92110,'San Diego','CA',54,'http://www.tripadvisor.com/Hotel_Review-g60750-d79913-Reviews-BEST_WESTERN_PLUS_Hacienda_Hotel_Old_Town-San_Diego_California.html',133,01442),
(00000079921,'BEST WESTERN PLUS San Diego / Miramar Hotel',2.5,'hotel','9310 Kearny Mesa Road',92126,'San Diego','CA',56,'http://www.tripadvisor.com/Hotel_Review-g60750-d79921-Reviews-BEST_WESTERN_PLUS_San_Diego_Miramar_Hotel-San_Diego_California.html',133,01457),
(00000079930,'BEST WESTERN Yacht Harbor Hotel',2.5,'hotel','5005 N Harbor Dr',92106,'San Diego','CA',55,'http://www.tripadvisor.com/Hotel_Review-g60750-d79930-Reviews-BEST_WESTERN_Yacht_Harbor_Hotel-San_Diego_California.html',155,01583),
(00000079942,'BEST WESTERN Seven Seas',3.0,'hotel','411 Hotel Circle South',92108,'San Diego','CA',45,'http://www.tripadvisor.com/Hotel_Review-g60750-d79942-Reviews-BEST_WESTERN_Seven_Seas-San_Diego_California.html',155,01557),
(00000079954,'BEST WESTERN PLUS Island Palms Hotel & Marina',3.0,'hotel','2051 Shelter Island Drive',92106,'San Diego','CA',153,'http://www.tripadvisor.com/Hotel_Review-g60750-d79954-Reviews-BEST_WESTERN_PLUS_Island_Palms_Hotel_Marina-San_Diego_California.html',133,01431),
(00000079971,'Catamaran Resort Hotel',4.0,'hotel','3999 Mission Blvd.',92109,'San Diego','CA',140,'http://www.tripadvisor.com/Hotel_Review-g60750-d79971-Reviews-Catamaran_Resort_Hotel-San_Diego_California.html',NULL,01614),
(00000079977,'Comfort Inn & Suites Hotel Circle / SeaWorld',2.5,'hotel','2201 Hotel Circle South',92108,'San Diego','CA',58,'http://www.tripadvisor.com/Hotel_Review-g60750-d79977-Reviews-Comfort_Inn_Suites_Hotel_Circle_SeaWorld-San_Diego_California.html',104,01529),
(00000079981,'Comfort Inn & Suites Zoo / SeaWorld Area',2.5,'hotel','2485 Hotel Circle Place',92108,'San Diego','CA',86,'http://www.tripadvisor.com/Hotel_Review-g60750-d79981-Reviews-Comfort_Inn_Suites_Zoo_SeaWorld_Area-San_Diego_California.html',104,01615),
(00000079985,'Holiday Inn Express San Diego Airport - Old Town',2.0,'hotel','1955 San Diego Avenue',92110,'San Diego','CA',31,'http://www.tripadvisor.com/Hotel_Review-g60750-d79985-Reviews-Holiday_Inn_Express_San_Diego_Airport_Old_Town-San_Diego_California.html',140,01445),
(00000080004,'Comfort Suites Mission Valley',2.5,'hotel','631 Camino Del Rio South',92108,'San Diego','CA',98,'http://www.tripadvisor.com/Hotel_Review-g60750-d80004-Reviews-Comfort_Suites_Mission_Valley-San_Diego_California.html',105,01532),
(00000080011,'Courtyard by Marriott San Diego Sorrento Mesa/La Jolla',3.0,'hotel','9650 Scranton Road',92121,'San Diego','CA',55,'http://www.tripadvisor.com/Hotel_Review-g60750-d80011-Reviews-Courtyard_by_Marriott_San_Diego_Sorrento_Mesa_La_Jolla-San_Diego_California.html',116,01563),
(00000080014,'Days Inn & Suites - Sea World/Airport',2.0,'hotel','3350 Rosecrans Street',92110,'San Diego','CA',53,'http://www.tripadvisor.com/Hotel_Review-g60750-d80014-Reviews-Days_Inn_Suites_Sea_World_Airport-San_Diego_California.html',172,01527),
(00000080019,'BEST WESTERN Mission Bay Inn',2.5,'hotel','2575 Clairemont Drive',92117,'San Diego','CA',97,'http://www.tripadvisor.com/Hotel_Review-g60750-d80019-Reviews-BEST_WESTERN_Mission_Bay_Inn-San_Diego_California.html',155,01463),
(00000080033,'San Diego - Days Inn Harbor View / Airport / Convention Ctr',2.0,'hotel','1919 Pacific Highway',92101,'San Diego','CA',43,'http://www.tripadvisor.com/Hotel_Review-g60750-d80033-Reviews-San_Diego_Days_Inn_Harbor_View_Airport_Convention_Ctr-San_Diego_California.html',172,01462),
(00000080067,'Quality Inn I-15 Miramar',2.0,'hotel','9350 Kearny Mesa Road',92126,'San Diego','CA',53,'http://www.tripadvisor.com/Hotel_Review-g60750-d80067-Reviews-Quality_Inn_I_15_Miramar-San_Diego_California.html',135,01602),
(00000080075,'Amsterdam Court Hotel',3.0,'hotel','226 West 50th Street',10019,'New York City','NY',72,'http://www.tripadvisor.com/Hotel_Review-g60763-d80075-Reviews-Amsterdam_Court_Hotel-New_York_City_New_York.html',NULL,00638),
(00000080081,'Chelsea Inn - 17th Street',1.0,'hotel','46 West 17th Street',10011,'New York City','NY',16,'http://www.tripadvisor.com/Hotel_Review-g60763-d80081-Reviews-Chelsea_Inn_17th_Street-New_York_City_New_York.html',NULL,00634),
(00000080083,'Chelsea Lodge',1.0,'hotel','318 West 20th Street',10011,'New York City','NY',15,'http://www.tripadvisor.com/Hotel_Review-g60763-d80083-Reviews-Chelsea_Lodge-New_York_City_New_York.html',NULL,00760),
(00000080087,'BEST WESTERN PLUS Hospitality House',3.0,'hotel','145 East 49th Street',10017,'New York City','NY',99,'http://www.tripadvisor.com/Hotel_Review-g60763-d80087-Reviews-BEST_WESTERN_PLUS_Hospitality_House-New_York_City_New_York.html',133,00831),
(00000080092,'Inn New York City',1.0,'hotel','266 West 71st St.',10023,'New York City','NY',18,'http://www.tripadvisor.com/Hotel_Review-g60763-d80092-Reviews-Inn_New_York_City-New_York_City_New_York.html',NULL,01314),
(00000080093,'Murray Hill Inn',1.0,'hotel','143 East 30th Street',10016,'New York City','NY',18,'http://www.tripadvisor.com/Hotel_Review-g60763-d80093-Reviews-Murray_Hill_Inn-New_York_City_New_York.html',NULL,00616),
(00000080094,'BEST WESTERN Golden Triangle Inn',2.0,'hotel','5550 Clairemont Mesa Blvd',92117,'San Diego','CA',64,'http://www.tripadvisor.com/Hotel_Review-g60750-d80094-Reviews-BEST_WESTERN_Golden_Triangle_Inn-San_Diego_California.html',155,01535),
(00000080096,'Diamond Head Inn',2.0,'hotel','605 Diamond St',92109,'San Diego','CA',35,'http://www.tripadvisor.com/Hotel_Review-g60750-d80096-Reviews-Diamond_Head_Inn-San_Diego_California.html',NULL,01543),
(00000080106,'Pacific Inn Hotel & Suites',2.0,'hotel','1655 Pacific Highway',92101,'San Diego','CA',35,'http://www.tripadvisor.com/Hotel_Review-g60750-d80106-Reviews-Pacific_Inn_Hotel_Suites-San_Diego_California.html',NULL,01574),
(00000080107,'Roger Smith Hotel',3.0,'hotel','501 Lexington Avenue',10017,'New York City','NY',135,'http://www.tripadvisor.com/Hotel_Review-g60763-d80107-Reviews-Roger_Smith_Hotel-New_York_City_New_York.html',NULL,00474),
(00000080109,'Embassy Suites San Diego Bay - Downtown',3.5,'hotel','601 Pacific Highway',92101,'San Diego','CA',105,'http://www.tripadvisor.com/Hotel_Review-g60750-d80109-Reviews-Embassy_Suites_San_Diego_Bay_Downtown-San_Diego_California.html',077,01625),
(00000080110,'The Roger',4.0,'hotel','131 Madison Avenue',10016,'New York City','NY',101,'http://www.tripadvisor.com/Hotel_Review-g60763-d80110-Reviews-The_Roger-New_York_City_New_York.html',NULL,00723),
(00000080112,'San Carlos Hotel',4.0,'hotel','150 East 50th Street',10022,'New York City','NY',297,'http://www.tripadvisor.com/Hotel_Review-g60763-d80112-Reviews-San_Carlos_Hotel-New_York_City_New_York.html',NULL,00010),
(00000080113,'Embassy Suites San Diego - La Jolla',3.5,'hotel','4550 La Jolla Village Drive',92122,'San Diego','CA',49,'http://www.tripadvisor.com/Hotel_Review-g60750-d80113-Reviews-Embassy_Suites_San_Diego_La_Jolla-San_Diego_California.html',077,01644),
(00000080126,'Golden West',1.0,'hotel','720 Fourth Ave.',92101,'San Diego','CA',17,'http://www.tripadvisor.com/Hotel_Review-g60750-d80126-Reviews-Golden_West-San_Diego_California.html',NULL,01513),
(00000080129,'Hampton Inn San Diego - Kearny Mesa',2.5,'hotel','5434 Kearny Mesa Road',92111,'San Diego','CA',58,'http://www.tripadvisor.com/Hotel_Review-g60750-d80129-Reviews-Hampton_Inn_San_Diego_Kearny_Mesa-San_Diego_California.html',108,01640),
(00000080131,'Crowne Plaza Hotel San Diego - Mission Valley',3.5,'hotel','2270 Hotel Circle North',92108,'San Diego','CA',136,'http://www.tripadvisor.com/Hotel_Review-g60750-d80131-Reviews-Crowne_Plaza_Hotel_San_Diego_Mission_Valley-San_Diego_California.html',047,01441),
(00000080133,'Handlery Hotel San Diego',3.0,'hotel','950 Hotel Circle North',92108,'San Diego','CA',144,'http://www.tripadvisor.com/Hotel_Review-g60750-d80133-Reviews-Handlery_Hotel_San_Diego-San_Diego_California.html',NULL,01600),
(00000080138,'Four Points by Sheraton San Diego Downtown',3.0,'hotel','1617 First Avenue',92101,'San Diego','CA',87,'http://www.tripadvisor.com/Hotel_Review-g60750-d80138-Reviews-Four_Points_by_Sheraton_San_Diego_Downtown-San_Diego_California.html',125,01452),
(00000080154,'Holiday Inn San Diego - Mission Valley',3.0,'hotel','3805 Murphy Canyon Road',92123,'San Diego','CA',61,'http://www.tripadvisor.com/Hotel_Review-g60750-d80154-Reviews-Holiday_Inn_San_Diego_Mission_Valley-San_Diego_California.html',115,01449),
(00000080161,'Holiday Inn Express San Diego N - Rancho Bernardo',3.0,'hotel','17065 W. Bernardo Dr.',92127,'San Diego','CA',61,'http://www.tripadvisor.com/Hotel_Review-g60750-d80161-Reviews-Holiday_Inn_Express_San_Diego_N_Rancho_Bernardo-San_Diego_California.html',140,01572),
(00000080167,'Holiday Inn San Diego - On The Bay',3.0,'hotel','1355 North Harbor Drive',92101,'San Diego','CA',46,'http://www.tripadvisor.com/Hotel_Review-g60750-d80167-Reviews-Holiday_Inn_San_Diego_On_The_Bay-San_Diego_California.html',115,01573),
(00000080189,'Travelodge San Diego Mission Valley',2.0,'hotel','1201 Hotel Circle South',92108,'San Diego','CA',27,'http://www.tripadvisor.com/Hotel_Review-g60750-d80189-Reviews-Travelodge_San_Diego_Mission_Valley-San_Diego_California.html',177,01540),
(00000080192,'Howard Johnson Express Inn - San Diego',2.0,'hotel','1631 Hotel Circle South',92108,'San Diego','CA',32,'http://www.tripadvisor.com/Hotel_Review-g60750-d80192-Reviews-Howard_Johnson_Express_Inn_San_Diego-San_Diego_California.html',173,01465),
(00000080193,'Hyatt Regency Mission Bay',4.0,'hotel','1441 Quivira Road',92109,'San Diego','CA',69,'http://www.tripadvisor.com/Hotel_Review-g60750-d80193-Reviews-Hyatt_Regency_Mission_Bay-San_Diego_California.html',045,01588),
(00000080198,'Hyatt Regency La Jolla',4.0,'hotel','3777 La Jolla Village Drive',92122,'San Diego','CA',185,'http://www.tripadvisor.com/Hotel_Review-g60750-d80198-Reviews-Hyatt_Regency_La_Jolla-San_Diego_California.html',045,01599),
(00000080219,'Manchester Grand Hyatt San Diego',4.0,'hotel','One Market Place',92101,'San Diego','CA',215,'http://www.tripadvisor.com/Hotel_Review-g60750-d80219-Reviews-Manchester_Grand_Hyatt_San_Diego-San_Diego_California.html',010,01437),
(00000080223,'Kings Inn Hotel',2.5,'hotel','1333 Hotel Circle South',92108,'San Diego','CA',88,'http://www.tripadvisor.com/Hotel_Review-g60750-d80223-Reviews-Kings_Inn_Hotel-San_Diego_California.html',NULL,01584),
(00000080227,'San Diego Marriott Marquis & Marina',4.0,'hotel','333 West Harbor Drive',92101,'San Diego','CA',238,'http://www.tripadvisor.com/Hotel_Review-g60750-d80227-Reviews-San_Diego_Marriott_Marquis_Marina-San_Diego_California.html',050,01649),
(00000080232,'San Diego Marriott Mission Valley',3.5,'hotel','8757 Rio San Diego Drive',92108,'San Diego','CA',204,'http://www.tripadvisor.com/Hotel_Review-g60750-d80232-Reviews-San_Diego_Marriott_Mission_Valley-San_Diego_California.html',050,01438),
(00000080244,'Mission Valley Resort',3.0,'hotel','875 Hotel Circle South',92108,'San Diego','CA',141,'http://www.tripadvisor.com/Hotel_Review-g60750-d80244-Reviews-Mission_Valley_Resort-San_Diego_California.html',NULL,01476),
(00000080246,'Motel 6 San Diego Hotel Circle',1.0,'hotel','2424 Hotel Circle N',91942,'San Diego','CA',20,'http://www.tripadvisor.com/Hotel_Review-g60750-d80246-Reviews-Motel_6_San_Diego_Hotel_Circle-San_Diego_California.html',167,01512),
(00000080249,'Motel 6 San Diego North',1.0,'hotel','5592 Clairemont Mesa Blvd',92117,'San Diego','CA',17,'http://www.tripadvisor.com/Hotel_Review-g60750-d80249-Reviews-Motel_6_San_Diego_North-San_Diego_California.html',167,01505),
(00000080251,'Ocean Park Inn',2.5,'hotel','710 Grand Ave',92109,'San Diego','CA',53,'http://www.tripadvisor.com/Hotel_Review-g60750-d80251-Reviews-Ocean_Park_Inn-San_Diego_California.html',102,01427),
(00000080255,'Old Town Inn',2.5,'hotel','4444 Pacific Highway',92110,'San Diego','CA',98,'http://www.tripadvisor.com/Hotel_Review-g60750-d80255-Reviews-Old_Town_Inn-San_Diego_California.html',NULL,01433),
(00000080266,'Inn at the Park',3.0,'hotel','525 Spruce Street',92103,'San Diego','CA',117,'http://www.tripadvisor.com/Hotel_Review-g60750-d80266-Reviews-Inn_at_the_Park-San_Diego_California.html',NULL,01594),
(00000080276,'Quality Inn Airport SeaWorld Area',2.0,'hotel','2901 Nimitz Blvd',92106,'San Diego','CA',25,'http://www.tripadvisor.com/Hotel_Review-g60750-d80276-Reviews-Quality_Inn_Airport_SeaWorld_Area-San_Diego_California.html',135,01511),
(00000080280,'Days Inn Mission Valley',2.0,'hotel','5343 Adobe Falls Road',92120,'San Diego','CA',28,'http://www.tripadvisor.com/Hotel_Review-g60750-d80280-Reviews-Days_Inn_Mission_Valley-San_Diego_California.html',172,01478),
(00000080291,'Doubletree Hotel San Diego Downtown',3.5,'hotel','1646 Front Street',92101,'San Diego','CA',170,'http://www.tripadvisor.com/Hotel_Review-g60750-d80291-Reviews-Doubletree_Hotel_San_Diego_Downtown-San_Diego_California.html',043,01560),
(00000080311,'Sheraton Mission Valley San Diego Hotel',3.5,'hotel','1433 Camino Del Rio South',92108,'San Diego','CA',118,'http://www.tripadvisor.com/Hotel_Review-g60750-d80311-Reviews-Sheraton_Mission_Valley_San_Diego_Hotel-San_Diego_California.html',059,01551),
(00000080327,'Radisson Hotel San Diego-Rancho Bernardo',3.0,'hotel','11520 West Bernardo Court',92127,'San Diego','CA',162,'http://www.tripadvisor.com/Hotel_Review-g60750-d80327-Reviews-Radisson_Hotel_San_Diego_Rancho_Bernardo-San_Diego_California.html',068,01605),
(00000080350,'Ramada Plaza',3.0,'hotel','2151 Hotel Circle South',92108,'San Diego','CA',62,'http://www.tripadvisor.com/Hotel_Review-g60750-d80350-Reviews-Ramada_Plaza-San_Diego_California.html',149,01521),
(00000080360,'Days Inn San Diego Downtown/Convention Center',1.0,'hotel','833 Ash Street',92101,'San Diego','CA',16,'http://www.tripadvisor.com/Hotel_Review-g60750-d80360-Reviews-Days_Inn_San_Diego_Downtown_Convention_Center-San_Diego_California.html',172,01456),
(00000080423,'Sheraton Suites San Diego',3.5,'hotel','701 A. Street',92101,'San Diego','CA',176,'http://www.tripadvisor.com/Hotel_Review-g60750-d80423-Reviews-Sheraton_Suites_San_Diego-San_Diego_California.html',059,01580),
(00000080530,'Four Points by Sheraton San Diego',3.0,'hotel','8110 Aero Drive',92123,'San Diego','CA',69,'http://www.tripadvisor.com/Hotel_Review-g60750-d80530-Reviews-Four_Points_by_Sheraton_San_Diego-San_Diego_California.html',125,01539),
(00000080562,'The Sheraton San Diego Hotel & Marina',4.0,'hotel','1380 Harbor Island Drive',92101,'San Diego','CA',276,'http://www.tripadvisor.com/Hotel_Review-g60750-d80562-Reviews-The_Sheraton_San_Diego_Hotel_Marina-San_Diego_California.html',059,01608),
(00000080570,'San Diego Days Inn (Hollister)',2.0,'hotel','1101 Hollister Street',92154,'San Diego','CA',45,'http://www.tripadvisor.com/Hotel_Review-g60750-d80570-Reviews-San_Diego_Days_Inn_Hollister-San_Diego_California.html',172,01460),
(00000080580,'Holiday Inn Express San Diego Sea World - Beach Area',2.5,'hotel','4540 Mission Bay Drive',92109,'San Diego','CA',85,'http://www.tripadvisor.com/Hotel_Review-g60750-d80580-Reviews-Holiday_Inn_Express_San_Diego_Sea_World_Beach_Area-San_Diego_California.html',140,01570),
(00000080582,'The Horton Grand Hotel and Suites',3.0,'hotel','311 Island Ave.',92101,'San Diego','CA',56,'http://www.tripadvisor.com/Hotel_Review-g60750-d80582-Reviews-The_Horton_Grand_Hotel_and_Suites-San_Diego_California.html',NULL,01596),
(00000080585,'The Maryland',1.0,'hotel','630 \"F\" Street',92101,'San Diego','CA',19,'http://www.tripadvisor.com/Hotel_Review-g60750-d80585-Reviews-The_Maryland-San_Diego_California.html',NULL,01495),
(00000080588,'Vagabond Inn - San Diego Airport Marina',2.0,'hotel','1325 Scott Street',92106,'San Diego','CA',43,'http://www.tripadvisor.com/Hotel_Review-g60750-d80588-Reviews-Vagabond_Inn_San_Diego_Airport_Marina-San_Diego_California.html',NULL,01443),
(00000080590,'The Westgate Hotel',4.0,'hotel','1055 Second Ave',92101,'San Diego','CA',198,'http://www.tripadvisor.com/Hotel_Review-g60750-d80590-Reviews-The_Westgate_Hotel-San_Diego_California.html',NULL,01623),
(00000080593,'Marina Inn and Suites',2.0,'hotel','1943 Pacific Highway',92101,'San Diego','CA',30,'http://www.tripadvisor.com/Hotel_Review-g60750-d80593-Reviews-Marina_Inn_and_Suites-San_Diego_California.html',NULL,01585),
(00000080602,'Town and Country Resort Hotel',3.5,'hotel','500 Hotel Circle North',92108,'San Diego','CA',238,'http://www.tripadvisor.com/Hotel_Review-g60750-d80602-Reviews-Town_and_Country_Resort_Hotel-San_Diego_California.html',NULL,01610),
(00000080615,'Motel 6 - San Diego Airport/Harbor',1.0,'hotel','2353 Pacific Highway',92101,'San Diego','CA',19,'http://www.tripadvisor.com/Hotel_Review-g60750-d80615-Reviews-Motel_6_San_Diego_Airport_Harbor-San_Diego_California.html',167,01467),
(00000080618,'Lafayette Hotel',3.0,'hotel','2223 El Cajon Boulevard',92104,'San Diego','CA',153,'http://www.tripadvisor.com/Hotel_Review-g60750-d80618-Reviews-Lafayette_Hotel-San_Diego_California.html',NULL,01576),
(00000080643,'Hilton San Diego Airport/Harbor Island',3.0,'hotel','1960 Harbor Island Drive',92101,'San Diego','CA',41,'http://www.tripadvisor.com/Hotel_Review-g60750-d80643-Reviews-Hilton_San_Diego_Airport_Harbor_Island-San_Diego_California.html',042,01592),
(00000080654,'La Quinta Inn San Diego Old Town / Airport',2.5,'hotel','2380 Moore Street',92110,'San Diego','CA',70,'http://www.tripadvisor.com/Hotel_Review-g60750-d80654-Reviews-La_Quinta_Inn_San_Diego_Old_Town_Airport-San_Diego_California.html',166,01622),
(00000080668,'The US Grant',5.0,'hotel','326 Broadway',92101,'San Diego','CA',127,'http://www.tripadvisor.com/Hotel_Review-g60750-d80668-Reviews-The_US_Grant-San_Diego_California.html',NULL,01434),
(00000080689,'BEST WESTERN Georgetown Hotel & Suites',2.5,'hotel','1121 New Hampshire Ave NW',20037,'Washington DC','DC',99,'http://www.tripadvisor.com/Hotel_Review-g28970-d80689-Reviews-BEST_WESTERN_Georgetown_Hotel_Suites-Washington_DC_District_of_Columbia.html',155,04230),
(00000080708,'Capitol Skyline Hotel',3.0,'hotel','10 I Street SW',20024,'Washington DC','DC',132,'http://www.tripadvisor.com/Hotel_Review-g28970-d80708-Reviews-Capitol_Skyline_Hotel-Washington_DC_District_of_Columbia.html',NULL,04265),
(00000080733,'Vagabond Inn San Diego (Hotel Circle)',2.0,'hotel','625 Hotel Circle South',92108,'San Diego','CA',47,'http://www.tripadvisor.com/Hotel_Review-g60750-d80733-Reviews-Vagabond_Inn_San_Diego_Hotel_Circle-San_Diego_California.html',NULL,01606),
(00000080735,'Country Inn & Suites By Carlson, San Diego North',3.0,'hotel','5975 Lusk Blvd',92121,'San Diego','CA',58,'http://www.tripadvisor.com/Hotel_Review-g60750-d80735-Reviews-Country_Inn_Suites_By_Carlson_San_Diego_North-San_Diego_California.html',101,01971),
(00000080747,'Renaissance San Francisco Stanford Court Hotel',4.0,'hotel','905 California Street',94108,'San Francisco','CA',139,'http://www.tripadvisor.com/Hotel_Review-g60713-d80747-Reviews-Renaissance_San_Francisco_Stanford_Court_Hotel-San_Francisco_California.html',051,02576),
(00000080753,'Days Inn San Francisco Downtown/Civic Center Area',2.0,'hotel','465 Grove Street',94102,'San Francisco','CA',48,'http://www.tripadvisor.com/Hotel_Review-g60713-d80753-Reviews-Days_Inn_San_Francisco_Downtown_Civic_Center_Area-San_Francisco_California.html',172,02724),
(00000080756,'Adante Hotel',2.0,'hotel','610 Geary Street',94102,'San Francisco','CA',55,'http://www.tripadvisor.com/Hotel_Review-g60713-d80756-Reviews-Adante_Hotel-San_Francisco_California.html',NULL,02683),
(00000080757,'Super 8 San Francisco / Fisherman\'s Wharf',2.0,'hotel','2440 Lombard Street',94123,'San Francisco','CA',54,'http://www.tripadvisor.com/Hotel_Review-g60713-d80757-Reviews-Super_8_San_Francisco_Fisherman_s_Wharf-San_Francisco_California.html',176,02609),
(00000080760,'Foleys Inn',1.0,'hotel','235 O\'Farrell Street',94102,'San Francisco','CA',20,'http://www.tripadvisor.com/Hotel_Review-g60713-d80760-Reviews-Foleys_Inn-San_Francisco_California.html',NULL,02658),
(00000080766,'The Embassy Hotel',2.5,'hotel','610 Polk Street',94109,'San Francisco','CA',90,'http://www.tripadvisor.com/Hotel_Review-g60713-d80766-Reviews-The_Embassy_Hotel-San_Francisco_California.html',NULL,02654),
(00000080768,'Fitzgerald Hotel Union Square',2.5,'hotel','620 Post Street',94109,'San Francisco','CA',73,'http://www.tripadvisor.com/Hotel_Review-g60713-d80768-Reviews-Fitzgerald_Hotel_Union_Square-San_Francisco_California.html',NULL,02616),
(00000080771,'The Herbert Hotel',1.0,'hotel','161 Powell Street',94102,'San Francisco','CA',17,'http://www.tripadvisor.com/Hotel_Review-g60713-d80771-Reviews-The_Herbert_Hotel-San_Francisco_California.html',NULL,02718),
(00000080774,'The Stratford',2.0,'hotel','242 Powell Street',94102,'San Francisco','CA',33,'http://www.tripadvisor.com/Hotel_Review-g60713-d80774-Reviews-The_Stratford-San_Francisco_California.html',NULL,02600),
(00000080780,'BEST WESTERN PLUS Tuscan Inn at Fisherman\'s Wharf',3.0,'hotel','425 North Point Street',94133,'San Francisco','CA',110,'http://www.tripadvisor.com/Hotel_Review-g60713-d80780-Reviews-BEST_WESTERN_PLUS_Tuscan_Inn_at_Fisherman_s_Wharf-San_Francisco_California.html',133,02577),
(00000080786,'King George Hotel',3.0,'hotel','334 Mason St',94102,'San Francisco','CA',63,'http://www.tripadvisor.com/Hotel_Review-g60713-d80786-Reviews-King_George_Hotel-San_Francisco_California.html',NULL,02731),
(00000080788,'Monarch Hotel',2.0,'hotel','1015 Geary Street',94109,'San Francisco','CA',29,'http://www.tripadvisor.com/Hotel_Review-g60713-d80788-Reviews-Monarch_Hotel-San_Francisco_California.html',NULL,02680),
(00000080793,'Hotel Nikko San Francisco',4.0,'hotel','222 Mason Street',94102,'San Francisco','CA',312,'http://www.tripadvisor.com/Hotel_Review-g60713-d80793-Reviews-Hotel_Nikko_San_Francisco-San_Francisco_California.html',NULL,02775),
(00000080797,'Hotel Palomar San Francisco - a Kimpton Hotel',4.0,'hotel','12 Fourth St',94103,'San Francisco','CA',305,'http://www.tripadvisor.com/Hotel_Review-g60713-d80797-Reviews-Hotel_Palomar_San_Francisco_a_Kimpton_Hotel-San_Francisco_California.html',NULL,02951),
(00000080799,'Renoir Hotel',2.5,'hotel','45 McAllister Street',94102,'San Francisco','CA',75,'http://www.tripadvisor.com/Hotel_Review-g60713-d80799-Reviews-Renoir_Hotel-San_Francisco_California.html',NULL,02671),
(00000080802,'Serrano Hotel - a Kimpton Hotel',3.5,'hotel','405 Taylor Street',94102,'San Francisco','CA',70,'http://www.tripadvisor.com/Hotel_Review-g60713-d80802-Reviews-Serrano_Hotel_a_Kimpton_Hotel-San_Francisco_California.html',NULL,02769),
(00000080806,'Union Square Plaza Hotel',2.0,'hotel','432 Geary Street',94102,'San Francisco','CA',42,'http://www.tripadvisor.com/Hotel_Review-g60713-d80806-Reviews-Union_Square_Plaza_Hotel-San_Francisco_California.html',NULL,02673),
(00000080808,'Beresford Arms',3.0,'hotel','701 Post Street',94109,'San Francisco','CA',47,'http://www.tripadvisor.com/Hotel_Review-g60713-d80808-Reviews-Beresford_Arms-San_Francisco_California.html',NULL,02597),
(00000080817,'Vantaggio Suites Cosmo',3.0,'hotel','761 Post Street',94109,'San Francisco','CA',66,'http://www.tripadvisor.com/Hotel_Review-g60713-d80817-Reviews-Vantaggio_Suites_Cosmo-San_Francisco_California.html',NULL,02618),
(00000080821,'Super 8 San Francisco/Union Square Area',2.0,'hotel','415 O\'Farrell Street',94102,'San Francisco','CA',62,'http://www.tripadvisor.com/Hotel_Review-g60713-d80821-Reviews-Super_8_San_Francisco_Union_Square_Area-San_Francisco_California.html',176,02691),
(00000080823,'Mystic Hotel by Charlie Palmer',3.0,'hotel','417 Stockton Street',94108,'San Francisco','CA',138,'http://www.tripadvisor.com/Hotel_Review-g60713-d80823-Reviews-Mystic_Hotel_by_Charlie_Palmer-San_Francisco_California.html',NULL,02725),
(00000080836,'Hotel Beresford',2.0,'hotel','635 Sutter Street',94102,'San Francisco','CA',25,'http://www.tripadvisor.com/Hotel_Review-g60713-d80836-Reviews-Hotel_Beresford-San_Francisco_California.html',NULL,02706),
(00000080864,'The Carriage Inn',3.0,'hotel','140 Seventh Street',94103,'San Francisco','CA',54,'http://www.tripadvisor.com/Hotel_Review-g60713-d80864-Reviews-The_Carriage_Inn-San_Francisco_California.html',NULL,02734),
(00000080879,'Civic Center Motor Inn',2.0,'hotel','364 Ninth St',94103,'San Francisco','CA',64,'http://www.tripadvisor.com/Hotel_Review-g60713-d80879-Reviews-Civic_Center_Motor_Inn-San_Francisco_California.html',NULL,02711),
(00000080917,'Hotel Tomo, a Joie de Vivre hotel',3.0,'hotel','1800 Sutter Street',94115,'San Francisco','CA',55,'http://www.tripadvisor.com/Hotel_Review-g60713-d80917-Reviews-Hotel_Tomo_a_Joie_de_Vivre_hotel-San_Francisco_California.html',NULL,02772),
(00000080920,'Hotel Bijou',2.5,'hotel','111 Mason Street',94102,'San Francisco','CA',54,'http://www.tripadvisor.com/Hotel_Review-g60713-d80920-Reviews-Hotel_Bijou-San_Francisco_California.html',NULL,02714),
(00000080925,'Hotel Carlton, a Joie de Vivre hotel',3.0,'hotel','1075 Sutter Street',94109,'San Francisco','CA',164,'http://www.tripadvisor.com/Hotel_Review-g60713-d80925-Reviews-Hotel_Carlton_a_Joie_de_Vivre_hotel-San_Francisco_California.html',NULL,02758),
(00000080930,'Comfort Inn by the Bay',2.0,'hotel','2775 Van Ness Avenue',94109,'San Francisco','CA',37,'http://www.tripadvisor.com/Hotel_Review-g60713-d80930-Reviews-Comfort_Inn_by_the_Bay-San_Francisco_California.html',104,02606),
(00000080937,'Cornell Hotel de France',3.0,'hotel','715 Bush Street',94108,'San Francisco','CA',92,'http://www.tripadvisor.com/Hotel_Review-g60713-d80937-Reviews-Cornell_Hotel_de_France-San_Francisco_California.html',NULL,02790),
(00000080950,'Days Inn Lombard Street',1.0,'hotel','2358 Lombard Street',94123,'San Francisco','CA',19,'http://www.tripadvisor.com/Hotel_Review-g60713-d80950-Reviews-Days_Inn_Lombard_Street-San_Francisco_California.html',172,02676),
(00000080963,'Days Inn San Francisco at the Beach',1.0,'hotel','2600 Sloat Boulevard',94116,'San Francisco','CA',17,'http://www.tripadvisor.com/Hotel_Review-g60713-d80963-Reviews-Days_Inn_San_Francisco_at_the_Beach-San_Francisco_California.html',172,02722),
(00000080977,'Motel 6 San Francisco Downtown',1.0,'hotel','895 Geary Street',94109,'San Francisco','CA',16,'http://www.tripadvisor.com/Hotel_Review-g60713-d80977-Reviews-Motel_6_San_Francisco_Downtown-San_Francisco_California.html',167,02694),
(00000080978,'Alpha Inn and Suites San Francisco',1.0,'hotel','2505 Lombard Street',94123,'San Francisco','CA',20,'http://www.tripadvisor.com/Hotel_Review-g60713-d80978-Reviews-Alpha_Inn_and_Suites_San_Francisco-San_Francisco_California.html',NULL,02623),
(00000080983,'Hotel Drisco',4.0,'hotel','2901 Pacific Avenue',94115,'San Francisco','CA',178,'http://www.tripadvisor.com/Hotel_Review-g60713-d80983-Reviews-Hotel_Drisco-San_Francisco_California.html',NULL,02964),
(00000080987,'Presidio Inn & Suites',1.5,'hotel','2361 Lombard Street',94123,'San Francisco','CA',35,'http://www.tripadvisor.com/Hotel_Review-g60713-d80987-Reviews-Presidio_Inn_Suites-San_Francisco_California.html',NULL,02670),
(00000080990,'Galleria Park, a Joie de Vivre hotel',3.5,'hotel','191 Sutter Street',94104,'San Francisco','CA',193,'http://www.tripadvisor.com/Hotel_Review-g60713-d80990-Reviews-Galleria_Park_a_Joie_de_Vivre_hotel-San_Francisco_California.html',NULL,02953),
(00000080999,'Grand Hyatt San Francisco',4.0,'hotel','345 Stockton Street',94108,'San Francisco','CA',122,'http://www.tripadvisor.com/Hotel_Review-g60713-d80999-Reviews-Grand_Hyatt_San_Francisco-San_Francisco_California.html',010,02788),
(00000081004,'Grant Plaza Hotel',2.0,'hotel','465 Grant Avenue',94108,'San Francisco','CA',37,'http://www.tripadvisor.com/Hotel_Review-g60713-d81004-Reviews-Grant_Plaza_Hotel-San_Francisco_California.html',NULL,02708),
(00000081007,'Great Highway Motor Inn',1.0,'hotel','1234 Great Highway',94122,'San Francisco','CA',20,'http://www.tripadvisor.com/Hotel_Review-g60713-d81007-Reviews-Great_Highway_Motor_Inn-San_Francisco_California.html',NULL,02682),
(00000081019,'Handlery Union Square Hotel',3.5,'hotel','351 Geary Street',94102,'San Francisco','CA',214,'http://www.tripadvisor.com/Hotel_Review-g60713-d81019-Reviews-Handlery_Union_Square_Hotel-San_Francisco_California.html',NULL,02783),
(00000081022,'Harbor Court Hotel - a Kimpton Hotel',3.5,'hotel','165 Steuart Street',94105,'San Francisco','CA',110,'http://www.tripadvisor.com/Hotel_Review-g60713-d81022-Reviews-Harbor_Court_Hotel_a_Kimpton_Hotel-San_Francisco_California.html',NULL,02581),
(00000081023,'The Timbers Hotel',3.5,'hotel','4411 Peoria St.',80239,'Denver','CO',114,'http://www.tripadvisor.com/Hotel_Review-g33388-d81023-Reviews-The_Timbers_Hotel-Denver_Colorado.html',NULL,04156),
(00000081026,'Quality Inn Central Denver',3.0,'hotel','200 W 48th Ave',80216,'Denver','CO',93,'http://www.tripadvisor.com/Hotel_Review-g33388-d81026-Reviews-Quality_Inn_Central_Denver-Denver_Colorado.html',135,04074),
(00000081035,'Holiday Inn Civic Center (San Francisco)',3.0,'hotel','50 8th Street',94103,'San Francisco','CA',117,'http://www.tripadvisor.com/Hotel_Review-g60713-d81035-Reviews-Holiday_Inn_Civic_Center_San_Francisco-San_Francisco_California.html',115,02713),
(00000081038,'Hilton San Francisco Financial District',4.0,'hotel','750 Kearny Street',94108,'San Francisco','CA',208,'http://www.tripadvisor.com/Hotel_Review-g60713-d81038-Reviews-Hilton_San_Francisco_Financial_District-San_Francisco_California.html',042,02598),
(00000081042,'Holiday Inn San Francisco Fishermans Wharf',3.0,'hotel','1300 Columbus Avenue',94133,'San Francisco','CA',136,'http://www.tripadvisor.com/Hotel_Review-g60713-d81042-Reviews-Holiday_Inn_San_Francisco_Fishermans_Wharf-San_Francisco_California.html',115,02737),
(00000081049,'Holiday Inn San Francisco Golden Gateway',3.0,'hotel','1500 Van Ness Avenue',94109,'San Francisco','CA',65,'http://www.tripadvisor.com/Hotel_Review-g60713-d81049-Reviews-Holiday_Inn_San_Francisco_Golden_Gateway-San_Francisco_California.html',115,02605),
(00000081075,'Vagabond Inn San Francisco (Civic Center)',2.0,'hotel','385 9th Street',94103,'San Francisco','CA',60,'http://www.tripadvisor.com/Hotel_Review-g60713-d81075-Reviews-Vagabond_Inn_San_Francisco_Civic_Center-San_Francisco_California.html',NULL,02705),
(00000081082,'Courtyard by Marriott Fisherman\'s Wharf',3.0,'hotel','580 Beach Street',94133,'San Francisco','CA',35,'http://www.tripadvisor.com/Hotel_Review-g60713-d81082-Reviews-Courtyard_by_Marriott_Fisherman_s_Wharf-San_Francisco_California.html',116,02778),
(00000081087,'Hyatt at Fisherman\'s Wharf',4.0,'hotel','555 North Point Street',94133,'San Francisco','CA',301,'http://www.tripadvisor.com/Hotel_Review-g60713-d81087-Reviews-Hyatt_at_Fisherman_s_Wharf-San_Francisco_California.html',081,02760),
(00000081103,'Hyatt Regency San Francisco',4.0,'hotel','5 Embarcadero Center',94111,'San Francisco','CA',305,'http://www.tripadvisor.com/Hotel_Review-g60713-d81103-Reviews-Hyatt_Regency_San_Francisco-San_Francisco_California.html',045,02753),
(00000081110,'Taj Campton Place',4.5,'hotel','340 Stockton Street',94108,'San Francisco','CA',306,'http://www.tripadvisor.com/Hotel_Review-g60713-d81110-Reviews-Taj_Campton_Place-San_Francisco_California.html',031,02773),
(00000081114,'Laurel Inn, a Joie de Vivre hotel',3.0,'hotel','444 Presidio Ave',94115,'San Francisco','CA',137,'http://www.tripadvisor.com/Hotel_Review-g60713-d81114-Reviews-Laurel_Inn_a_Joie_de_Vivre_hotel-San_Francisco_California.html',NULL,02595),
(00000081120,'BEST WESTERN Los Angeles Worldport Hotel',1.0,'hotel','1402 West Pacific Coast Highway',90744,'Los Angeles','CA',17,'http://www.tripadvisor.com/Hotel_Review-g32655-d81120-Reviews-BEST_WESTERN_Los_Angeles_Worldport_Hotel-Los_Angeles_California.html',155,01070),
(00000081126,'Mandarin Oriental, San Francisco',5.0,'hotel','222 Sansome Street',94104,'San Francisco','CA',142,'http://www.tripadvisor.com/Hotel_Review-g60713-d81126-Reviews-Mandarin_Oriental_San_Francisco-San_Francisco_California.html',014,02957),
(00000081141,'Marriott San Francisco Fisherman\'s Wharf',3.5,'hotel','1250 Columbus Avenue',94133,'San Francisco','CA',235,'http://www.tripadvisor.com/Hotel_Review-g60713-d81141-Reviews-Marriott_San_Francisco_Fisherman_s_Wharf-San_Francisco_California.html',050,02752),
(00000081150,'Mission Inn',2.0,'hotel','5630 Mission Street',94112,'San Francisco','CA',52,'http://www.tripadvisor.com/Hotel_Review-g60713-d81150-Reviews-Mission_Inn-San_Francisco_California.html',NULL,02665),
(00000081165,'Hotel Abri',3.5,'hotel','127 Ellis Street',94102,'San Francisco','CA',83,'http://www.tripadvisor.com/Hotel_Review-g60713-d81165-Reviews-Hotel_Abri-San_Francisco_California.html',NULL,02580),
(00000081169,'The Mosser',2.5,'hotel','54 Fourth Street',94103,'San Francisco','CA',61,'http://www.tripadvisor.com/Hotel_Review-g60713-d81169-Reviews-The_Mosser-San_Francisco_California.html',NULL,02759),
(00000081170,'Hotel Erwin, a Joie de Vivre hotel',3.5,'hotel','1697 Pacific Avenue, Venice Beach',90291,'Los Angeles','CA',166,'http://www.tripadvisor.com/Hotel_Review-g32655-d81170-Reviews-Hotel_Erwin_a_Joie_de_Vivre_hotel-Los_Angeles_California.html',NULL,01294),
(00000081177,'Nob Hill Motor Inn',2.0,'hotel','1630 Pacific Ave',94109,'San Francisco','CA',53,'http://www.tripadvisor.com/Hotel_Review-g60713-d81177-Reviews-Nob_Hill_Motor_Inn-San_Francisco_California.html',NULL,02729),
(00000081192,'Parc 55 Wyndham',4.0,'hotel','55 Cyril Magnin Street',94102,'San Francisco','CA',156,'http://www.tripadvisor.com/Hotel_Review-g60713-d81192-Reviews-Parc_55_Wyndham-San_Francisco_California.html',095,02780),
(00000081204,'Le Meridien San Francisco',4.0,'hotel','333 Battery Street',94111,'San Francisco','CA',129,'http://www.tripadvisor.com/Hotel_Review-g60713-d81204-Reviews-Le_Meridien_San_Francisco-San_Francisco_California.html',058,02784),
(00000081209,'Phoenix Hotel, a Joie de Vivre hotel',2.5,'hotel','601 Eddy Street',94109,'San Francisco','CA',52,'http://www.tripadvisor.com/Hotel_Review-g60713-d81209-Reviews-Phoenix_Hotel_a_Joie_de_Vivre_hotel-San_Francisco_California.html',NULL,02774),
(00000081212,'Powell Hotel',3.0,'hotel','28 Cyril Magnin Street',94102,'San Francisco','CA',63,'http://www.tripadvisor.com/Hotel_Review-g60713-d81212-Reviews-Powell_Hotel-San_Francisco_California.html',NULL,02614),
(00000081215,'Prescott Hotel - a Kimpton Hotel',4.0,'hotel','545 Post Street',94102,'San Francisco','CA',126,'http://www.tripadvisor.com/Hotel_Review-g60713-d81215-Reviews-Prescott_Hotel_a_Kimpton_Hotel-San_Francisco_California.html',NULL,02762),
(00000081222,'Radisson Hotel Fisherman\'s Wharf',3.0,'hotel','250 Beach Street',94133,'San Francisco','CA',71,'http://www.tripadvisor.com/Hotel_Review-g60713-d81222-Reviews-Radisson_Hotel_Fisherman_s_Wharf-San_Francisco_California.html',068,02744),
(00000081237,'Hilton San Francisco Fisherman\'s Wharf',3.5,'hotel','2620 Jones Street',94133,'San Francisco','CA',71,'http://www.tripadvisor.com/Hotel_Review-g60713-d81237-Reviews-Hilton_San_Francisco_Fisherman_s_Wharf-San_Francisco_California.html',042,02728),
(00000081241,'Hotel Whitcomb',3.5,'hotel','1231 Market Street',94103,'San Francisco','CA',68,'http://www.tripadvisor.com/Hotel_Review-g60713-d81241-Reviews-Hotel_Whitcomb-San_Francisco_California.html',NULL,02610),
(00000081246,'Knights Inn - Downtown San Francisco',1.5,'hotel','240 7th Street',94103,'San Francisco','CA',31,'http://www.tripadvisor.com/Hotel_Review-g60713-d81246-Reviews-Knights_Inn_Downtown_San_Francisco-San_Francisco_California.html',174,02644),
(00000081249,'Redwood Inn',1.0,'hotel','1530 Lombard Street',94123,'San Francisco','CA',20,'http://www.tripadvisor.com/Hotel_Review-g60713-d81249-Reviews-Redwood_Inn-San_Francisco_California.html',NULL,02767),
(00000081251,'The Opal San Francisco',2.5,'hotel','1050 Van Ness Ave',94109,'San Francisco','CA',102,'http://www.tripadvisor.com/Hotel_Review-g60713-d81251-Reviews-The_Opal_San_Francisco-San_Francisco_California.html',NULL,02608),
(00000081256,'Rodeway Inn Civic Center',2.0,'hotel','860 Eddy Street',94109,'San Francisco','CA',41,'http://www.tripadvisor.com/Hotel_Review-g60713-d81256-Reviews-Rodeway_Inn_Civic_Center-San_Francisco_California.html',157,02662),
(00000081285,'Sunrise Hotel San Pedro',2.0,'hotel','525 South Harbor Boulevard',90731,'Los Angeles','CA',50,'http://www.tripadvisor.com/Hotel_Review-g32655-d81285-Reviews-Sunrise_Hotel_San_Pedro-Los_Angeles_California.html',NULL,01131),
(00000081292,'Motel 6 San Jose Airport Central',2.0,'hotel','1440 North First Street',95112,'San Jose','CA',55,'http://www.tripadvisor.com/Hotel_Review-g33020-d81292-Reviews-Motel_6_San_Jose_Airport_Central-San_Jose_California.html',167,02512),
(00000081295,'Hilton San Francisco Union Square',4.0,'hotel','333 O\'Farrell St',94102,'San Francisco','CA',328,'http://www.tripadvisor.com/Hotel_Review-g60713-d81295-Reviews-Hilton_San_Francisco_Union_Square-San_Francisco_California.html',042,02743),
(00000081302,'La Quinta Inn San Jose Airport',3.0,'hotel','2585 Seaboard Ave.',95131,'San Jose','CA',148,'http://www.tripadvisor.com/Hotel_Review-g33020-d81302-Reviews-La_Quinta_Inn_San_Jose_Airport-San_Jose_California.html',166,02550),
(00000081315,'San Francisco Marriott Marquis',4.0,'hotel','55 Fourth Street',94103,'San Francisco','CA',73,'http://www.tripadvisor.com/Hotel_Review-g60713-d81315-Reviews-San_Francisco_Marriott_Marquis-San_Francisco_California.html',050,02763),
(00000081352,'BEST WESTERN Lamplighter Inn & Suites at SDSU',1.0,'hotel','6474 El Cajon Blvd.',92115,'San Diego','CA',15,'http://www.tripadvisor.com/Hotel_Review-g60750-d81352-Reviews-BEST_WESTERN_Lamplighter_Inn_Suites_at_SDSU-San_Diego_California.html',155,01648),
(00000081363,'BEST WESTERN The Hotel California',3.0,'hotel','580 Geary Street',94102,'San Francisco','CA',112,'http://www.tripadvisor.com/Hotel_Review-g60713-d81363-Reviews-BEST_WESTERN_The_Hotel_California-San_Francisco_California.html',155,02604),
(00000081367,'Seal Rock Inn',1.0,'hotel','545 Point Lobos Avenue',94121,'San Francisco','CA',15,'http://www.tripadvisor.com/Hotel_Review-g60713-d81367-Reviews-Seal_Rock_Inn-San_Francisco_California.html',NULL,02726),
(00000081375,'Sheraton Fisherman\'s Wharf Hotel',4.0,'hotel','2500 Mason Street',94133,'San Francisco','CA',133,'http://www.tripadvisor.com/Hotel_Review-g60713-d81375-Reviews-Sheraton_Fisherman_s_Wharf_Hotel-San_Francisco_California.html',059,02738),
(00000081377,'Sir Francis Drake Hotel - a Kimpton Hotel',4.0,'hotel','450 Powell Street',94102,'San Francisco','CA',295,'http://www.tripadvisor.com/Hotel_Review-g60713-d81377-Reviews-Sir_Francis_Drake_Hotel_a_Kimpton_Hotel-San_Francisco_California.html',NULL,02747),
(00000081379,'Sonoma Inn',1.0,'hotel','1485 Bush Street',94109,'San Francisco','CA',19,'http://www.tripadvisor.com/Hotel_Review-g60713-d81379-Reviews-Sonoma_Inn-San_Francisco_California.html',NULL,02629),
(00000081383,'Star Motel',1.0,'hotel','1727 Lombard Street',94123,'San Francisco','CA',15,'http://www.tripadvisor.com/Hotel_Review-g60713-d81383-Reviews-Star_Motel-San_Francisco_California.html',NULL,02672),
(00000081394,'The Donatello Hotel',3.5,'hotel','501 Post Street',94102,'San Francisco','CA',131,'http://www.tripadvisor.com/Hotel_Review-g60713-d81394-Reviews-The_Donatello_Hotel-San_Francisco_California.html',NULL,02959),
(00000081397,'The Fairmont San Francisco',4.5,'hotel','950 Mason Street',94108,'San Francisco','CA',151,'http://www.tripadvisor.com/Hotel_Review-g60713-d81397-Reviews-The_Fairmont_San_Francisco-San_Francisco_California.html',039,02781),
(00000081409,'The Inn at Union Square',3.5,'hotel','440 Post Street',94102,'San Francisco','CA',160,'http://www.tripadvisor.com/Hotel_Review-g60713-d81409-Reviews-The_Inn_at_Union_Square-San_Francisco_California.html',NULL,02962),
(00000081416,'Hotel Majestic',3.0,'hotel','1500 Sutter Street',94109,'San Francisco','CA',105,'http://www.tripadvisor.com/Hotel_Review-g60713-d81416-Reviews-Hotel_Majestic-San_Francisco_California.html',NULL,02613),
(00000081418,'Hotel Frank',3.5,'hotel','386 Geary Street',94102,'San Francisco','CA',117,'http://www.tripadvisor.com/Hotel_Review-g60713-d81418-Reviews-Hotel_Frank-San_Francisco_California.html',NULL,02715),
(00000081444,'JW Marriott San Francisco Union Square',4.0,'hotel','500 Post Street',94102,'San Francisco','CA',275,'http://www.tripadvisor.com/Hotel_Review-g60713-d81444-Reviews-JW_Marriott_San_Francisco_Union_Square-San_Francisco_California.html',016,02785),
(00000081450,'The Ritz-Carlton',5.0,'hotel','600 Stockton Street',94108,'San Francisco','CA',384,'http://www.tripadvisor.com/Hotel_Review-g60713-d81450-Reviews-The_Ritz_Carlton-San_Francisco_California.html',017,02582),
(00000081456,'Steinhart',3.0,'hotel','952 Sutter Street',94109,'San Francisco','CA',102,'http://www.tripadvisor.com/Hotel_Review-g60713-d81456-Reviews-Steinhart-San_Francisco_California.html',NULL,02578),
(00000081459,'Warwick San Francisco Hotel',3.5,'hotel','490 Geary Street',94102,'San Francisco','CA',184,'http://www.tripadvisor.com/Hotel_Review-g60713-d81459-Reviews-Warwick_San_Francisco_Hotel-San_Francisco_California.html',NULL,02592),
(00000081461,'The Westin St. Francis',4.0,'hotel','335 Powell Street',94103,'San Francisco','CA',330,'http://www.tripadvisor.com/Hotel_Review-g60713-d81461-Reviews-The_Westin_St_Francis-San_Francisco_California.html',057,02593),
(00000081466,'The Wharf Inn',2.0,'hotel','2601 Mason Street',94133,'San Francisco','CA',48,'http://www.tripadvisor.com/Hotel_Review-g60713-d81466-Reviews-The_Wharf_Inn-San_Francisco_California.html',NULL,02732),
(00000081476,'Town House',2.0,'hotel','1650 Lombard Street',94123,'San Francisco','CA',33,'http://www.tripadvisor.com/Hotel_Review-g60713-d81476-Reviews-Town_House-San_Francisco_California.html',NULL,02709),
(00000081480,'Greenwich Inn',2.0,'hotel','3201 Steiner Street',94123,'San Francisco','CA',46,'http://www.tripadvisor.com/Hotel_Review-g60713-d81480-Reviews-Greenwich_Inn-San_Francisco_California.html',NULL,02630),
(00000081487,'Civic Center Inn',2.0,'hotel','790 Ellis St.',94109,'San Francisco','CA',66,'http://www.tripadvisor.com/Hotel_Review-g60713-d81487-Reviews-Civic_Center_Inn-San_Francisco_California.html',NULL,02645),
(00000081503,'Travelodge Golden Gate San Francisco',2.0,'hotel','2230 Lombard Street',94123,'San Francisco','CA',66,'http://www.tripadvisor.com/Hotel_Review-g60713-d81503-Reviews-Travelodge_Golden_Gate_San_Francisco-San_Francisco_California.html',177,02611),
(00000081511,'San Francisco at The Presidio Travelodge',2.0,'hotel','2755 Lombard Street',94123,'San Francisco','CA',49,'http://www.tripadvisor.com/Hotel_Review-g60713-d81511-Reviews-San_Francisco_at_The_Presidio_Travelodge-San_Francisco_California.html',177,02794),
(00000081514,'Hotel Triton - a Kimpton Hotel',3.0,'hotel','342 Grant Avenue',94108,'San Francisco','CA',70,'http://www.tripadvisor.com/Hotel_Review-g60713-d81514-Reviews-Hotel_Triton_a_Kimpton_Hotel-San_Francisco_California.html',NULL,02579),
(00000081520,'Hotel Union Square',3.5,'hotel','114 Powell Street',94102,'San Francisco','CA',172,'http://www.tripadvisor.com/Hotel_Review-g60713-d81520-Reviews-Hotel_Union_Square-San_Francisco_California.html',NULL,02599),
(00000081524,'Oasis Inn',2.0,'hotel','900 Franklin Street',94109,'San Francisco','CA',38,'http://www.tripadvisor.com/Hotel_Review-g60713-d81524-Reviews-Oasis_Inn-San_Francisco_California.html',NULL,02626),
(00000081526,'Verona',1.0,'hotel','317 Leavenworth Street',94102,'San Francisco','CA',15,'http://www.tripadvisor.com/Hotel_Review-g60713-d81526-Reviews-Verona-San_Francisco_California.html',NULL,02647),
(00000081529,'Villa Florence, A JRK Hotel',3.5,'hotel','225 Powell Street',94102,'San Francisco','CA',73,'http://www.tripadvisor.com/Hotel_Review-g60713-d81529-Reviews-Villa_Florence_A_JRK_Hotel-San_Francisco_California.html',NULL,02750),
(00000081531,'Executive Hotel Vintage Court',3.0,'hotel','650 Bush Street',94108,'San Francisco','CA',78,'http://www.tripadvisor.com/Hotel_Review-g60713-d81531-Reviews-Executive_Hotel_Vintage_Court-San_Francisco_California.html',NULL,02739),
(00000081625,'Ramada San Jose',2.0,'hotel','455 South 2nd Street',95113,'San Jose','CA',61,'http://www.tripadvisor.com/Hotel_Review-g33020-d81625-Reviews-Ramada_San_Jose-San_Jose_California.html',149,02520),
(00000081642,'BEST WESTERN - San Jose Airport Plaza',1.0,'hotel','2118 The Alameda',95126,'San Jose','CA',16,'http://www.tripadvisor.com/Hotel_Review-g33020-d81642-Reviews-BEST_WESTERN_San_Jose_Airport_Plaza-San_Jose_California.html',155,02534),
(00000081644,'Courtyard by Marriott San Jose Airport',3.0,'hotel','1727 Technology Drive',95110,'San Jose','CA',162,'http://www.tripadvisor.com/Hotel_Review-g33020-d81644-Reviews-Courtyard_by_Marriott_San_Jose_Airport-San_Jose_California.html',116,02541),
(00000081647,'Days Inn San Jose Convention Center / Fairgrounds',2.0,'hotel','4170 Monterey Road',95111,'San Jose','CA',43,'http://www.tripadvisor.com/Hotel_Review-g33020-d81647-Reviews-Days_Inn_San_Jose_Convention_Center_Fairgrounds-San_Jose_California.html',172,02513),
(00000081653,'Fontaine Inn Downtown / Fairgrounds',2.0,'hotel','2460 Fontaine Road',95121,'San Jose','CA',37,'http://www.tripadvisor.com/Hotel_Review-g33020-d81653-Reviews-Fontaine_Inn_Downtown_Fairgrounds-San_Jose_California.html',NULL,02501),
(00000081656,'Hotel De Anza',4.0,'hotel','233 West Santa Clara St.',95113,'San Jose','CA',108,'http://www.tripadvisor.com/Hotel_Review-g33020-d81656-Reviews-Hotel_De_Anza-San_Jose_California.html',NULL,02544),
(00000081658,'Caravelle Inn & Suites',2.0,'hotel','1310 N 1st Street',95112,'San Jose','CA',52,'http://www.tripadvisor.com/Hotel_Review-g33020-d81658-Reviews-Caravelle_Inn_Suites-San_Jose_California.html',NULL,02514),
(00000081659,'Hotel Elan',2.0,'hotel','1215 South First Street',95110,'San Jose','CA',41,'http://www.tripadvisor.com/Hotel_Review-g33020-d81659-Reviews-Hotel_Elan-San_Jose_California.html',NULL,02494),
(00000081662,'Executive Inn San Jose',1.0,'hotel','3930 Monterey Road',95111,'San Jose','CA',15,'http://www.tripadvisor.com/Hotel_Review-g33020-d81662-Reviews-Executive_Inn_San_Jose-San_Jose_California.html',NULL,02496),
(00000081667,'Fairfield Inn & Suites San Jose Airport',2.5,'hotel','1755 North First Street',95112,'San Jose','CA',66,'http://www.tripadvisor.com/Hotel_Review-g33020-d81667-Reviews-Fairfield_Inn_Suites_San_Jose_Airport-San_Jose_California.html',141,02535),
(00000081669,'W San Francisco',4.0,'hotel','181 Third Street',94103,'San Francisco','CA',311,'http://www.tripadvisor.com/Hotel_Review-g60713-d81669-Reviews-W_San_Francisco-San_Francisco_California.html',030,02779),
(00000081672,'Hyatt Place San Jose/Downtown',3.5,'hotel','282 Almaden Boulevard',95113,'San Jose','CA',219,'http://www.tripadvisor.com/Hotel_Review-g33020-d81672-Reviews-Hyatt_Place_San_Jose_Downtown-San_Jose_California.html',112,02551),
(00000081677,'Extended Stay America - San Jose - Downtown',2.0,'hotel','1560 N. First Street',95112,'San Jose','CA',53,'http://www.tripadvisor.com/Hotel_Review-g33020-d81677-Reviews-Extended_Stay_America_San_Jose_Downtown-San_Jose_California.html',178,02523),
(00000081679,'The Sainte Claire',4.0,'hotel','302 South Market Street',95113,'San Jose','CA',321,'http://www.tripadvisor.com/Hotel_Review-g33020-d81679-Reviews-The_Sainte_Claire-San_Jose_California.html',NULL,02546),
(00000081688,'Motel 6 San Jose Airport',1.0,'hotel','2081 North 1st Street',95131,'San Jose','CA',19,'http://www.tripadvisor.com/Hotel_Review-g33020-d81688-Reviews-Motel_6_San_Jose_Airport-San_Jose_California.html',167,02500),
(00000081691,'Motel 6 San Jose South',1.0,'hotel','2560 Fontaine Road',95121,'San Jose','CA',18,'http://www.tripadvisor.com/Hotel_Review-g33020-d81691-Reviews-Motel_6_San_Jose_South-San_Jose_California.html',167,02502),
(00000081695,'Radisson San Jose Airport',3.0,'hotel','1471 North 4th Street',95112,'San Jose','CA',140,'http://www.tripadvisor.com/Hotel_Review-g33020-d81695-Reviews-Radisson_San_Jose_Airport-San_Jose_California.html',068,02536),
(00000081699,'DoubleTree by Hilton San Jose',4.0,'hotel','2050 Gateway Place',95110,'San Jose','CA',175,'http://www.tripadvisor.com/Hotel_Review-g33020-d81699-Reviews-DoubleTree_by_Hilton_San_Jose-San_Jose_California.html',043,02540),
(00000081700,'Santa Clara Inn',1.0,'hotel','2188 The Alameda',95126,'San Jose','CA',15,'http://www.tripadvisor.com/Hotel_Review-g33020-d81700-Reviews-Santa_Clara_Inn-San_Jose_California.html',NULL,02515),
(00000081701,'Rodeway Inn',1.0,'hotel','2112 Monterey Road',95112,'San Jose','CA',19,'http://www.tripadvisor.com/Hotel_Review-g33020-d81701-Reviews-Rodeway_Inn-San_Jose_California.html',157,02507),
(00000081703,'Staybridge Suites San Jose',3.0,'hotel','1602 Crane Court',95112,'San Jose','CA',153,'http://www.tripadvisor.com/Hotel_Review-g33020-d81703-Reviews-Staybridge_Suites_San_Jose-San_Jose_California.html',114,02490),
(00000081705,'The Fairmont San Jose',4.0,'hotel','170 South Market Street',95113,'San Jose','CA',266,'http://www.tripadvisor.com/Hotel_Review-g33020-d81705-Reviews-The_Fairmont_San_Jose-San_Jose_California.html',039,02552),
(00000081708,'Vagabond Inn San Jose (SJC Airport)',2.0,'hotel','1488 North First Street',95112,'San Jose','CA',62,'http://www.tripadvisor.com/Hotel_Review-g33020-d81708-Reviews-Vagabond_Inn_San_Jose_SJC_Airport-San_Jose_California.html',NULL,02492),
(00000081710,'Motel 6 San Jose Convention Center',1.0,'hotel','1041 The Alameda',95126,'San Jose','CA',20,'http://www.tripadvisor.com/Hotel_Review-g33020-d81710-Reviews-Motel_6_San_Jose_Convention_Center-San_Jose_California.html',167,02493),
(00000081757,'San Pedro Inn and Suites Hotel',3.0,'hotel','111 South Gaffey Street',90731,'Los Angeles','CA',57,'http://www.tripadvisor.com/Hotel_Review-g32655-d81757-Reviews-San_Pedro_Inn_and_Suites_Hotel-Los_Angeles_California.html',NULL,01234),
(00000081761,'DoubleTree by Hilton Hotel San Pedro',3.5,'hotel','2800 Via Cabrillo Marina',90731,'Los Angeles','CA',206,'http://www.tripadvisor.com/Hotel_Review-g32655-d81761-Reviews-DoubleTree_by_Hilton_Hotel_San_Pedro-Los_Angeles_California.html',043,01028),
(00000081763,'All Star Inn',1.0,'hotel','411 South Pacific Ave.',90731,'Los Angeles','CA',17,'http://www.tripadvisor.com/Hotel_Review-g32655-d81763-Reviews-All_Star_Inn-Los_Angeles_California.html',NULL,01157),
(00000081765,'Crowne Plaza Los Angeles Harbor Hotel',3.5,'hotel','601 S. Palos Verdes Street',90731,'Los Angeles','CA',71,'http://www.tripadvisor.com/Hotel_Review-g32655-d81765-Reviews-Crowne_Plaza_Los_Angeles_Harbor_Hotel-Los_Angeles_California.html',047,01247),
(00000081768,'Vagabond Inn San Pedro',2.0,'hotel','215 South Gaffey St.',90731,'Los Angeles','CA',43,'http://www.tripadvisor.com/Hotel_Review-g32655-d81768-Reviews-Vagabond_Inn_San_Pedro-Los_Angeles_California.html',NULL,01212),
(00000081782,'Edwardian San Francisco Hotel',1.0,'hotel','1668 Market Street',94102,'San Francisco','CA',20,'http://www.tripadvisor.com/Hotel_Review-g60713-d81782-Reviews-Edwardian_San_Francisco_Hotel-San_Francisco_California.html',NULL,02695),
(00000081797,'BEST WESTERN Americana Inn',2.0,'hotel','815 West San Ysidro Boulevard',92173,'San Diego','CA',54,'http://www.tripadvisor.com/Hotel_Review-g60750-d81797-Reviews-BEST_WESTERN_Americana_Inn-San_Diego_California.html',155,01578),
(00000081803,'Hotel Vertigo',2.5,'hotel','940 Sutter Street',94109,'San Francisco','CA',80,'http://www.tripadvisor.com/Hotel_Review-g60713-d81803-Reviews-Hotel_Vertigo-San_Francisco_California.html',NULL,02756),
(00000081959,'The Good Hotel',2.5,'hotel','112 Seventh Street',94103,'San Francisco','CA',36,'http://www.tripadvisor.com/Hotel_Review-g60713-d81959-Reviews-The_Good_Hotel-San_Francisco_California.html',NULL,02697),
(00000081976,'Astoria Hotel',1.0,'hotel','510 Bush St',94108,'San Francisco','CA',20,'http://www.tripadvisor.com/Hotel_Review-g60713-d81976-Reviews-Astoria_Hotel-San_Francisco_California.html',NULL,02688),
(00000081985,'Hotel Monaco San Francisco - a Kimpton Hotel',4.0,'hotel','501 Geary St',94102,'San Francisco','CA',132,'http://www.tripadvisor.com/Hotel_Review-g60713-d81985-Reviews-Hotel_Monaco_San_Francisco_a_Kimpton_Hotel-San_Francisco_California.html',NULL,02586),
(00000082013,'Mansion at Judges\' Hill',4.0,'hotel','1900 Rio Grande',78705,'Austin','TX',176,'http://www.tripadvisor.com/Hotel_Review-g30196-d82013-Reviews-Mansion_at_Judges_Hill-Austin_Texas.html',NULL,02947),
(00000082105,'Ramada Limited - San Francisco',2.0,'hotel','1940 Lombard Street',94123,'San Francisco','CA',38,'http://www.tripadvisor.com/Hotel_Review-g60713-d82105-Reviews-Ramada_Limited_San_Francisco-San_Francisco_California.html',149,02655),
(00000082114,'La Luna Inn',2.5,'hotel','2599 Lombard St',94123,'San Francisco','CA',102,'http://www.tripadvisor.com/Hotel_Review-g60713-d82114-Reviews-La_Luna_Inn-San_Francisco_California.html',NULL,02704),
(00000082116,'Marina Motel',1.0,'hotel','2576 Lombard St',94123,'San Francisco','CA',19,'http://www.tripadvisor.com/Hotel_Review-g60713-d82116-Reviews-Marina_Motel-San_Francisco_California.html',NULL,02596),
(00000082148,'BEST WESTERN PLUS Carriage Inn',3.0,'hotel','5525 Sepulveda Boulevard',91411,'Los Angeles','CA',161,'http://www.tripadvisor.com/Hotel_Review-g32655-d82148-Reviews-BEST_WESTERN_PLUS_Carriage_Inn-Los_Angeles_California.html',133,01240),
(00000082150,'Courtyard by Marriott Los Angeles Sherman Oaks',3.0,'hotel','15433 Ventura Boulevard',91403,'Los Angeles','CA',53,'http://www.tripadvisor.com/Hotel_Review-g32655-d82150-Reviews-Courtyard_Los_Angeles_Sherman_Oaks-Los_Angeles_California.html',116,01265),
(00000082156,'Holiday Inn San Jose-Airport',3.0,'hotel','1350 North First Street',95112,'San Jose','CA',142,'http://www.tripadvisor.com/Hotel_Review-g33020-d82156-Reviews-Holiday_Inn_San_Jose_Airport-San_Jose_California.html',115,02538),
(00000082169,'Residence Inn by Marriott San Jose South',3.0,'hotel','6111 San Ignacio Avenue',95119,'San Jose','CA',154,'http://www.tripadvisor.com/Hotel_Review-g33020-d82169-Reviews-Residence_Inn_San_Jose_South-San_Jose_California.html',118,02549),
(00000082190,'Hilton San Jose',3.5,'hotel','300 Almaden Boulevard',95110,'San Jose','CA',171,'http://www.tripadvisor.com/Hotel_Review-g33020-d82190-Reviews-Hilton_San_Jose-San_Jose_California.html',042,02554),
(00000082208,'Clarion Inn Silicon Valley',2.0,'hotel','3200 Monterey Road',95111,'San Jose','CA',34,'http://www.tripadvisor.com/Hotel_Review-g33020-d82208-Reviews-Clarion_Inn_Silicon_Valley-San_Jose_California.html',103,02531),
(00000082283,'Holiday Inn San Jose-Silicon Valley',2.5,'hotel','399 Silicon Valley Blvd.',95138,'San Jose','CA',49,'http://www.tripadvisor.com/Hotel_Review-g33020-d82283-Reviews-Holiday_Inn_San_Jose_Silicon_Valley-San_Jose_California.html',115,02505),
(00000082299,'Holiday Inn Express San Jose Central City',2.5,'hotel','2660 Monterey Road',95111,'San Jose','CA',61,'http://www.tripadvisor.com/Hotel_Review-g33020-d82299-Reviews-Holiday_Inn_Express_San_Jose_Central_City-San_Jose_California.html',140,02543),
(00000082304,'Motel 6 Los Angeles Sylmar',1.0,'hotel','12775 Encinitas Avenue',91342,'Los Angeles','CA',18,'http://www.tripadvisor.com/Hotel_Review-g32655-d82304-Reviews-Motel_6_Los_Angeles_Sylmar-Los_Angeles_California.html',167,01171),
(00000082305,'Goldstar Inn',1.0,'hotel','12165 San Fernando Road',91342,'Los Angeles','CA',17,'http://www.tripadvisor.com/Hotel_Review-g32655-d82305-Reviews-Goldstar_Inn-Los_Angeles_California.html',NULL,01125),
(00000082318,'Tarzana Inn',1.0,'hotel','19170 Ventura Boulevard',91356,'Los Angeles','CA',19,'http://www.tripadvisor.com/Hotel_Review-g32655-d82318-Reviews-Tarzana_Inn-Los_Angeles_California.html',NULL,01252),
(00000082321,'Holiday Inn Express San Jose International Arpt',2.5,'hotel','1350 N. Fourth St.',95112,'San Jose','CA',38,'http://www.tripadvisor.com/Hotel_Review-g33020-d82321-Reviews-Holiday_Inn_Express_San_Jose_International_Arpt-San_Jose_California.html',140,02530),
(00000082323,'Days Inn Airport',2.0,'hotel','1280 N 4th St',95112,'San Jose','CA',46,'http://www.tripadvisor.com/Hotel_Review-g33020-d82323-Reviews-Days_Inn_Airport-San_Jose_California.html',172,02528),
(00000082357,'Silicon Valley Hotel San Jose Airport',3.0,'hotel','1355 North Fourth Street',95112,'San Jose','CA',93,'http://www.tripadvisor.com/Hotel_Review-g33020-d82357-Reviews-Silicon_Valley_Hotel_San_Jose_Airport-San_Jose_California.html',NULL,02525),
(00000082436,'Travelodge San Diego Downtown Convention Center',2.0,'hotel','1801 Logan Ave.',92113,'San Diego','CA',62,'http://www.tripadvisor.com/Hotel_Review-g60750-d82436-Reviews-Travelodge_San_Diego_Downtown_Convention_Center-San_Diego_California.html',177,01533),
(00000082443,'Kona Kai Resort',3.0,'hotel','1551 Shelter Island Dr',92106,'San Diego','CA',41,'http://www.tripadvisor.com/Hotel_Review-g60750-d82443-Reviews-Kona_Kai_Resort-San_Diego_California.html',NULL,01464),
(00000082478,'Ramada San Diego Airport',2.0,'hotel','1403 Rosecrans Street',92106,'San Diego','CA',57,'http://www.tripadvisor.com/Hotel_Review-g60750-d82478-Reviews-Ramada_San_Diego_Airport-San_Diego_California.html',149,01586),
(00000082491,'Airtel Plaza Hotel and Conference Center',3.0,'hotel','7277 Valjean Ave.',91406,'Los Angeles','CA',102,'http://www.tripadvisor.com/Hotel_Review-g32655-d82491-Reviews-Airtel_Plaza_Hotel_and_Conference_Center-Los_Angeles_California.html',NULL,01021),
(00000082494,'Holiday Inn Express Van Nuys',2.5,'hotel','8244 Orion Ave',91406,'Los Angeles','CA',87,'http://www.tripadvisor.com/Hotel_Review-g32655-d82494-Reviews-Holiday_Inn_Express_Van_Nuys-Los_Angeles_California.html',140,01203),
(00000082496,'The Voyager Motor Inn',1.0,'hotel','6500 Sepulveda Blvd.',91411,'Los Angeles','CA',18,'http://www.tripadvisor.com/Hotel_Review-g32655-d82496-Reviews-The_Voyager_Motor_Inn-Los_Angeles_California.html',NULL,01123),
(00000082498,'Motel 6 Van Nuys',2.0,'hotel','6909 Sepulveda Boulevard',91405,'Los Angeles','CA',42,'http://www.tripadvisor.com/Hotel_Review-g32655-d82498-Reviews-Motel_6_Van_Nuys-Los_Angeles_California.html',167,01113),
(00000082501,'Venice Beach Suites & Hotel',2.0,'hotel','1305 Ocean Front Walk',90291,'Los Angeles','CA',54,'http://www.tripadvisor.com/Hotel_Review-g32655-d82501-Reviews-Venice_Beach_Suites_Hotel-Los_Angeles_California.html',NULL,01271),
(00000082578,'Beverly Laurel Motor Hotel',2.0,'hotel','8018 Beverly Blvd',90048,'Los Angeles','CA',46,'http://www.tripadvisor.com/Hotel_Review-g32655-d82578-Reviews-Beverly_Laurel_Motor_Hotel-Los_Angeles_California.html',NULL,01223),
(00000082596,'Candlewood Suites',2.5,'hotel','1335 Hotel Circle South',92108,'San Diego','CA',72,'http://www.tripadvisor.com/Hotel_Review-g60750-d82596-Reviews-Candlewood_Suites-San_Diego_California.html',163,01518),
(00000082633,'Azul Inn',2.0,'hotel','10740 Santa Monica Boulevard',90025,'Los Angeles','CA',35,'http://www.tripadvisor.com/Hotel_Review-g32655-d82633-Reviews-Azul_Inn-Los_Angeles_California.html',NULL,01206),
(00000082636,'Royal Palace Westwood',2.0,'hotel','1052 Tiverton Ave.',90024,'Los Angeles','CA',60,'http://www.tripadvisor.com/Hotel_Review-g32655-d82636-Reviews-Royal_Palace_Westwood-Los_Angeles_California.html',NULL,01261),
(00000082650,'Holiday Inn Express West Los Angeles',2.5,'hotel','11250 Santa Monica Blvd',90025,'Los Angeles','CA',41,'http://www.tripadvisor.com/Hotel_Review-g32655-d82650-Reviews-Holiday_Inn_Express_West_Los_Angeles-Los_Angeles_California.html',140,01268),
(00000082656,'Hilgard House Hotel',1.0,'hotel','927 Hilgard Ave.',90024,'Los Angeles','CA',18,'http://www.tripadvisor.com/Hotel_Review-g32655-d82656-Reviews-Hilgard_House_Hotel-Los_Angeles_California.html',NULL,01244),
(00000082679,'BEST WESTERN Woodland Hills Inn',3.0,'hotel','21830 Ventura Blvd.',91364,'Los Angeles','CA',118,'http://www.tripadvisor.com/Hotel_Review-g32655-d82679-Reviews-BEST_WESTERN_Woodland_Hills_Inn-Los_Angeles_California.html',155,01260),
(00000082682,'Courtyard by Marriott Los Angeles Woodland Hills',3.0,'hotel','21101 Ventura Blvd',91364,'Los Angeles','CA',80,'http://www.tripadvisor.com/Hotel_Review-g32655-d82682-Reviews-Courtyard_by_Marriott_Los_Angeles_Woodland_Hills-Los_Angeles_California.html',116,01034),
(00000082684,'Comfort Inn Near Warner Center',2.0,'hotel','20157 Ventura Blvd.',91364,'Los Angeles','CA',53,'http://www.tripadvisor.com/Hotel_Review-g32655-d82684-Reviews-Comfort_Inn_Near_Warner_Center-Los_Angeles_California.html',104,01198),
(00000082686,'Hilton Woodland Hills',3.5,'hotel','6360 Canoga Avenue',91367,'Los Angeles','CA',49,'http://www.tripadvisor.com/Hotel_Review-g32655-d82686-Reviews-Hilton_Woodland_Hills-Los_Angeles_California.html',042,01285),
(00000082688,'Ramada Mission Valley / SDSU',2.0,'hotel','4380 Alvarado Canyon Road',92120,'San Diego','CA',37,'http://www.tripadvisor.com/Hotel_Review-g60750-d82688-Reviews-Ramada_Mission_Valley_SDSU-San_Diego_California.html',149,01546),
(00000082689,'Warner Center Marriott Woodland Hills',3.5,'hotel','21850 Oxnard Street',91367,'Los Angeles','CA',238,'http://www.tripadvisor.com/Hotel_Review-g32655-d82689-Reviews-Warner_Center_Marriott_Woodland_Hills-Los_Angeles_California.html',050,01215),
(00000082821,'Residence Inn by Marriott San Diego Downtown',1.0,'hotel','1747 Pacific Highway',92101,'San Diego','CA',18,'http://www.tripadvisor.com/Hotel_Review-g60750-d82821-Reviews-Residence_Inn_San_Diego_Downtown-San_Diego_California.html',118,01612),
(00000082868,'Courtyard by Marriott San Diego Downtown',3.0,'hotel','530 Broadway Street',92101,'San Diego','CA',147,'http://www.tripadvisor.com/Hotel_Review-g60750-d82868-Reviews-Courtyard_by_Marriott_San_Diego_Downtown-San_Diego_California.html',116,01429),
(00000082960,'Holiday Inn Select Denver - Cherry Creek',3.0,'hotel','455 S. Colorado Blvd.',80246,'Denver','CO',59,'http://www.tripadvisor.com/Hotel_Review-g33388-d82960-Reviews-Holiday_Inn_Select_Denver_Cherry_Creek-Denver_Colorado.html',115,04069),
(00000082961,'Sheraton Denver Downtown Hotel',4.0,'hotel','1550 Court Place',80202,'Denver','CO',69,'http://www.tripadvisor.com/Hotel_Review-g33388-d82961-Reviews-Sheraton_Denver_Downtown_Hotel-Denver_Colorado.html',059,04073),
(00000082976,'Super 8 Denver Stapleton',2.0,'hotel','7201 East 36th Avenue',80207,'Denver','CO',66,'http://www.tripadvisor.com/Hotel_Review-g33388-d82976-Reviews-Super_8_Denver_Stapleton-Denver_Colorado.html',176,04093),
(00000082982,'Comfort Inn Downtown',2.5,'hotel','401 17th Street',80202,'Denver','CO',44,'http://www.tripadvisor.com/Hotel_Review-g33388-d82982-Reviews-Comfort_Inn_Downtown-Denver_Colorado.html',104,04071),
(00000082984,'Courtyard by Marriott Denver Stapleton',3.0,'hotel','7415 E 41st Ave.',80216,'Denver','CO',79,'http://www.tripadvisor.com/Hotel_Review-g33388-d82984-Reviews-Courtyard_by_Marriott_Denver_Stapleton-Denver_Colorado.html',116,04158),
(00000082992,'Days Inn Central',1.0,'hotel','620 Federal Blvd',80203,'Denver','CO',20,'http://www.tripadvisor.com/Hotel_Review-g33388-d82992-Reviews-Days_Inn_Central-Denver_Colorado.html',172,04092),
(00000083014,'Embassy Suites Denver - Southeast',3.0,'hotel','7525 East Hampden Avenue',80231,'Denver','CO',68,'http://www.tripadvisor.com/Hotel_Review-g33388-d83014-Reviews-Embassy_Suites_Denver_Southeast-Denver_Colorado.html',077,04159),
(00000083020,'The Curtis',3.5,'hotel','1405 Curtis St',80202,'Denver','CO',189,'http://www.tripadvisor.com/Hotel_Review-g33388-d83020-Reviews-The_Curtis-Denver_Colorado.html',NULL,04186),
(00000083023,'Fairfield Inn Denver Cherry Creek',2.5,'hotel','1680 South Colorado Blvd',80222,'Denver','CO',31,'http://www.tripadvisor.com/Hotel_Review-g33388-d83023-Reviews-Fairfield_Inn_Denver_Cherry_Creek-Denver_Colorado.html',141,04162),
(00000083031,'Crowne Plaza Denver International Airport',3.5,'hotel','15500 East 40th Avenue',80239,'Denver','CO',174,'http://www.tripadvisor.com/Hotel_Review-g33388-d83031-Reviews-Crowne_Plaza_Denver_International_Airport-Denver_Colorado.html',047,04160),
(00000083038,'Ramada Plaza Denver Central Hotel',3.0,'hotel','4849 Bannock St.',80216,'Denver','CO',112,'http://www.tripadvisor.com/Hotel_Review-g33388-d83038-Reviews-Ramada_Plaza_Denver_Central_Hotel-Denver_Colorado.html',149,04146),
(00000083040,'Magnolia Hotel Denver',3.5,'hotel','818 17th St.',80202,'Denver','CO',115,'http://www.tripadvisor.com/Hotel_Review-g33388-d83040-Reviews-Magnolia_Hotel_Denver-Denver_Colorado.html',NULL,04203),
(00000083044,'Howard Johnson Inn Denver',2.0,'hotel','4765 Federal Boulevard',80211,'Denver','CO',31,'http://www.tripadvisor.com/Hotel_Review-g33388-d83044-Reviews-Howard_Johnson_Inn_Denver-Denver_Colorado.html',148,04088),
(00000083046,'Grand Hyatt Denver Downtown',4.0,'hotel','1750 Welton St.',80202,'Denver','CO',80,'http://www.tripadvisor.com/Hotel_Review-g33388-d83046-Reviews-Grand_Hyatt_Denver_Downtown-Denver_Colorado.html',010,04175),
(00000083051,'Hyatt Regency Denver Tech Center',4.0,'hotel','7800 E. Tufts Ave.',80237,'Denver','CO',302,'http://www.tripadvisor.com/Hotel_Review-g33388-d83051-Reviews-Hyatt_Regency_Denver_Tech_Center-Denver_Colorado.html',045,04165),
(00000083057,'Denver Marriott City Center',3.5,'hotel','1701 California St.',80202,'Denver','CO',82,'http://www.tripadvisor.com/Hotel_Review-g33388-d83057-Reviews-Denver_Marriott_City_Center-Denver_Colorado.html',050,04072),
(00000083060,'Four Points by Sheraton Denver Southeast',1.0,'hotel','6363 East Hampden Avenue',80222,'Denver','CO',20,'http://www.tripadvisor.com/Hotel_Review-g33388-d83060-Reviews-Four_Points_by_Sheraton_Denver_Southeast-Denver_Colorado.html',125,04136),
(00000083061,'Motel 6 Denver Central',1.0,'hotel','3050 W 49th Ave.',80221,'Denver','CO',20,'http://www.tripadvisor.com/Hotel_Review-g33388-d83061-Reviews-Motel_6_Denver_Central-Denver_Colorado.html',167,04095),
(00000083070,'Holiday Inn Denver East-Stapleton',3.0,'hotel','3333 Quebec St.',80207,'Denver','CO',78,'http://www.tripadvisor.com/Hotel_Review-g33388-d83070-Reviews-Holiday_Inn_Denver_East_Stapleton-Denver_Colorado.html',115,04168),
(00000083072,'BEST WESTERN PLUS Denver Hotel',3.0,'hotel','3737 Quebec Street',80207,'Denver','CO',144,'http://www.tripadvisor.com/Hotel_Review-g33388-d83072-Reviews-BEST_WESTERN_PLUS_Denver_Hotel-Denver_Colorado.html',133,04152),
(00000083078,'Residence Inn by Marriott San Diego Central',3.0,'hotel','5400 Kearny Mesa Road',92111,'San Diego','CA',161,'http://www.tripadvisor.com/Hotel_Review-g60750-d83078-Reviews-Residence_Inn_San_Diego_Central-San_Diego_California.html',118,01634),
(00000083081,'Quality Inn & Suites Denver International Airport',2.5,'hotel','6890 Tower Road',80249,'Denver','CO',103,'http://www.tripadvisor.com/Hotel_Review-g33388-d83081-Reviews-Quality_Inn_Suites_Denver_International_Airport-Denver_Colorado.html',135,04170),
(00000083086,'Royal Palace Motel',1.0,'hotel','1565 Colorado Blvd.',80220,'Denver','CO',18,'http://www.tripadvisor.com/Hotel_Review-g33388-d83086-Reviews-Royal_Palace_Motel-Denver_Colorado.html',NULL,04085),
(00000083088,'The Brown Palace Hotel and Spa',4.5,'hotel','321 17th St.',80202,'Denver','CO',144,'http://www.tripadvisor.com/Hotel_Review-g33388-d83088-Reviews-The_Brown_Palace_Hotel_and_Spa-Denver_Colorado.html',NULL,04196),
(00000083091,'The Burnsley All Suite Hotel',1.0,'hotel','1000 Grant Street',80203,'Denver','CO',18,'http://www.tripadvisor.com/Hotel_Review-g33388-d83091-Reviews-The_Burnsley_All_Suite_Hotel-Denver_Colorado.html',NULL,04079),
(00000083092,'Quality Inn San Diego',2.0,'hotel','3878 Dalbergia Court',92113,'San Diego','CA',40,'http://www.tripadvisor.com/Hotel_Review-g60750-d83092-Reviews-Quality_Inn_San_Diego-San_Diego_California.html',135,01517),
(00000083093,'The Oxford Hotel',4.0,'hotel','1600 17th Street',80202,'Denver','CO',217,'http://www.tripadvisor.com/Hotel_Review-g33388-d83093-Reviews-The_Oxford_Hotel-Denver_Colorado.html',NULL,04193),
(00000083095,'Rockies Inn',1.0,'hotel','4760 E. Evans Ave.',80222,'Denver','CO',18,'http://www.tripadvisor.com/Hotel_Review-g33388-d83095-Reviews-Rockies_Inn-Denver_Colorado.html',NULL,04090),
(00000083097,'Warwick Denver Hotel',4.0,'hotel','1776 Grant Street',80203,'Denver','CO',282,'http://www.tripadvisor.com/Hotel_Review-g33388-d83097-Reviews-Warwick_Denver_Hotel-Denver_Colorado.html',NULL,04184),
(00000083099,'The Westin Denver Downtown',4.0,'hotel','1672 Lawrence St.',80202,'Denver','CO',276,'http://www.tripadvisor.com/Hotel_Review-g33388-d83099-Reviews-The_Westin_Denver_Downtown-Denver_Colorado.html',057,04172),
(00000083100,'TownePlace Suites Denver Southeast',2.0,'hotel','3699 S. Monaco Pkwy.',80237,'Denver','CO',42,'http://www.tripadvisor.com/Hotel_Review-g33388-d83100-Reviews-TownePlace_Suites_Denver_Southeast-Denver_Colorado.html',142,04157),
(00000083104,'Venture Inn',1.0,'hotel','7333 Pecos St.',80221,'Denver','CO',15,'http://www.tripadvisor.com/Hotel_Review-g33388-d83104-Reviews-Venture_Inn-Denver_Colorado.html',NULL,04091),
(00000083245,'Bristol Hotel',3.5,'hotel','1055 First Ave',92101,'San Diego','CA',113,'http://www.tripadvisor.com/Hotel_Review-g60750-d83245-Reviews-Bristol_Hotel-San_Diego_California.html',NULL,01647),
(00000083259,'Ramada Inn and Conference Center Qualcomm Stadium',2.5,'hotel','5550 Kearny Mesa Rd',92111,'San Diego','CA',52,'http://www.tripadvisor.com/Hotel_Review-g60750-d83259-Reviews-Ramada_Inn_and_Conference_Center_Qualcomm_Stadium-San_Diego_California.html',149,01571),
(00000083322,'Quality Suites Otay Mesa',2.5,'hotel','2351 Otay Center Ct.',92154,'San Diego','CA',81,'http://www.tripadvisor.com/Hotel_Review-g60750-d83322-Reviews-Quality_Suites_Otay_Mesa-San_Diego_California.html',NULL,01559),
(00000083361,'Bahia Resort Hotel',3.5,'hotel','998 W Mission Bay Dr',92109,'San Diego','CA',61,'http://www.tripadvisor.com/Hotel_Review-g60750-d83361-Reviews-Bahia_Resort_Hotel-San_Diego_California.html',NULL,01619),
(00000083372,'Bay Inn and Suites',2.0,'hotel','3325 Midway Drive',92110,'San Diego','CA',65,'http://www.tripadvisor.com/Hotel_Review-g60750-d83372-Reviews-Bay_Inn_and_Suites-San_Diego_California.html',NULL,01519),
(00000083489,'Super 8 Motel San Diego / Sea World',2.0,'hotel','3275 Rosecrans Street',92110,'San Diego','CA',35,'http://www.tripadvisor.com/Hotel_Review-g60750-d83489-Reviews-Super_8_Motel_San_Diego_Sea_World-San_Diego_California.html',176,01514),
(00000083500,'Pacific Shores Inn',2.5,'hotel','4802 Mission Blvd.',92109,'San Diego','CA',77,'http://www.tripadvisor.com/Hotel_Review-g60750-d83500-Reviews-Pacific_Shores_Inn-San_Diego_California.html',NULL,01446),
(00000083575,'Wyndham Garden San Diego near SeaWorld',3.0,'hotel','3737 Sports Arena Boulevard',92110,'San Diego','CA',39,'http://www.tripadvisor.com/Hotel_Review-g60750-d83575-Reviews-Wyndham_Garden_San_Diego_near_SeaWorld-San_Diego_California.html',129,01537),
(00000083637,'Holiday Inn Express Sea World',2.5,'hotel','3950 Jupiter St.',92110,'San Diego','CA',66,'http://www.tripadvisor.com/Hotel_Review-g60750-d83637-Reviews-Holiday_Inn_Express_Sea_World-San_Diego_California.html',140,01448),
(00000083646,'The Dana on Mission Bay',3.5,'hotel','1710 West Mission Bay Drive',92109,'San Diego','CA',119,'http://www.tripadvisor.com/Hotel_Review-g60750-d83646-Reviews-The_Dana_on_Mission_Bay-San_Diego_California.html',NULL,01637),
(00000083660,'La Quinta Inn & Suites San Diego Mission Bay',2.5,'hotel','4610 De Soto Street',92109,'San Diego','CA',44,'http://www.tripadvisor.com/Hotel_Review-g60750-d83660-Reviews-La_Quinta_Inn_Suites_San_Diego_Mission_Bay-San_Diego_California.html',166,01609),
(00000083711,'HYATT house San Diego/Sorrento Mesa',3.0,'hotel','10044 Pacific Mesa Blvd.',92121,'San Diego','CA',44,'http://www.tripadvisor.com/Hotel_Review-g60750-d83711-Reviews-HYATT_house_San_Diego_Sorrento_Mesa-San_Diego_California.html',111,01577),
(00000083730,'US Suites at Archstone la Jolla',1.0,'hotel','10439 Roselle St.',92121,'San Diego','CA',17,'http://www.tripadvisor.com/Hotel_Review-g60750-d83730-Reviews-US_Suites_at_Archstone_la_Jolla-San_Diego_California.html',NULL,01490),
(00000083895,'Comfort Suites I-15 Miramar',2.5,'hotel','9880 Mira Mesa Blvd',92131,'San Diego','CA',42,'http://www.tripadvisor.com/Hotel_Review-g60750-d83895-Reviews-Comfort_Suites_I_15_Miramar-San_Diego_California.html',105,01565),
(00000083958,'Residence Inn by Marriott San Diego Sorrento Mesa/Sorrento Valley',3.0,'hotel','5995 Pacific Mesa Court',92121,'San Diego','CA',71,'http://www.tripadvisor.com/Hotel_Review-g60750-d83958-Reviews-Residence_Inn_San_Diego_Sorrento_Mesa_Sorrento_Valley-San_Diego_California.html',118,01544),
(00000083988,'Sea Rock Inn',2.0,'hotel','14032 S. Vermont Ave.',90247,'Los Angeles','CA',51,'http://www.tripadvisor.com/Hotel_Review-g32655-d83988-Reviews-Sea_Rock_Inn-Los_Angeles_California.html',NULL,01035),
(00000084026,'The Watergate Hotel',5.0,'hotel','2650 Virginia Avenue Northwest',20037,'Washington DC','DC',410,'http://www.tripadvisor.com/Hotel_Review-g28970-d84026-Reviews-The_Watergate_Hotel-Washington_DC_District_of_Columbia.html',NULL,04253),
(00000084029,'Georgetown Inn',3.5,'hotel','1310 Wisconsin Avenue NW',20007,'Washington DC','DC',130,'http://www.tripadvisor.com/Hotel_Review-g28970-d84029-Reviews-Georgetown_Inn-Washington_DC_District_of_Columbia.html',NULL,04270),
(00000084032,'Hotel Monticello',3.0,'hotel','1075 Thomas Jefferson Street NW',20007,'Washington DC','DC',73,'http://www.tripadvisor.com/Hotel_Review-g28970-d84032-Reviews-Hotel_Monticello-Washington_DC_District_of_Columbia.html',NULL,04286),
(00000084033,'The Allen Lee',1.0,'hotel','2224 F St. NW',20037,'Washington DC','DC',15,'http://www.tripadvisor.com/Hotel_Review-g28970-d84033-Reviews-The_Allen_Lee-Washington_DC_District_of_Columbia.html',NULL,04250),
(00000084038,'Channel Inn Hotel',2.0,'hotel','650 Water St SW',20024,'Washington DC','DC',58,'http://www.tripadvisor.com/Hotel_Review-g28970-d84038-Reviews-Channel_Inn_Hotel-Washington_DC_District_of_Columbia.html',NULL,04261),
(00000084039,'One Washington Circle Hotel',3.0,'hotel','1 Washington Circle NW',20037,'Washington DC','DC',105,'http://www.tripadvisor.com/Hotel_Review-g28970-d84039-Reviews-One_Washington_Circle_Hotel-Washington_DC_District_of_Columbia.html',NULL,04295),
(00000084041,'Phoenix Park Hotel',3.5,'hotel','520 North Capitol St NW',20001,'Washington DC','DC',128,'http://www.tripadvisor.com/Hotel_Review-g28970-d84041-Reviews-Phoenix_Park_Hotel-Washington_DC_District_of_Columbia.html',NULL,04313),
(00000084044,'Windsor Inn',2.0,'hotel','1842 16th St. NW',20009,'Washington DC','DC',58,'http://www.tripadvisor.com/Hotel_Review-g28970-d84044-Reviews-Windsor_Inn-Washington_DC_District_of_Columbia.html',NULL,04259),
(00000084047,'Topaz, a Kimpton Hotel',3.5,'hotel','1733 N St. NW',20036,'Washington DC','DC',122,'http://www.tripadvisor.com/Hotel_Review-g28970-d84047-Reviews-Topaz_a_Kimpton_Hotel-Washington_DC_District_of_Columbia.html',NULL,04322),
(00000084048,'Capitol Hill Hotel',2.5,'hotel','200 C St. SE',20003,'Washington DC','DC',53,'http://www.tripadvisor.com/Hotel_Review-g28970-d84048-Reviews-Capitol_Hill_Hotel-Washington_DC_District_of_Columbia.html',NULL,04309),
(00000084051,'Days Inn Connecticut Ave.',2.5,'hotel','4400 Connecticut Avenue NW',20008,'Washington DC','DC',79,'http://www.tripadvisor.com/Hotel_Review-g28970-d84051-Reviews-Days_Inn_Connecticut_Ave-Washington_DC_District_of_Columbia.html',172,04225),
(00000084052,'Courtyard by Marriott Washington DC \\ Dupont Circle',3.0,'hotel','1900 Connecticut Ave NW',20009,'Washington DC','DC',60,'http://www.tripadvisor.com/Hotel_Review-g28970-d84052-Reviews-Courtyard_by_Marriott_Washington_DC_Dupont_Circle-Washington_DC_District_of_Columbia.html',116,04279),
(00000084058,'The Dupont Circle Hotel',4.0,'hotel','1500 New Hampshire Ave NW',20036,'Washington DC','DC',277,'http://www.tripadvisor.com/Hotel_Review-g28970-d84058-Reviews-The_Dupont_Circle_Hotel-Washington_DC_District_of_Columbia.html',NULL,04317),
(00000084060,'The Embassy Row Hotel',3.5,'hotel','2015 Massachusetts Avenue NW',20036,'Washington DC','DC',170,'http://www.tripadvisor.com/Hotel_Review-g28970-d84060-Reviews-The_Embassy_Row_Hotel-Washington_DC_District_of_Columbia.html',NULL,04228),
(00000084062,'Embassy Suites Chevy Chase Pavilion',3.5,'hotel','4300 Military Rd. NW',20015,'Washington DC','DC',115,'http://www.tripadvisor.com/Hotel_Review-g28970-d84062-Reviews-Embassy_Suites_Chevy_Chase_Pavilion-Washington_DC_District_of_Columbia.html',077,04301),
(00000084064,'Embassy Suites Hotel Washington, D.C.',3.5,'hotel','1250 22nd St. NW',20037,'Washington DC','DC',132,'http://www.tripadvisor.com/Hotel_Review-g28970-d84064-Reviews-Embassy_Suites_Hotel_Washington_D_C-Washington_DC_District_of_Columbia.html',077,04211),
(00000084065,'Four Seasons Washington D.C.',5.0,'hotel','2800 Pennsylvania Ave. NW',20007,'Washington DC','DC',347,'http://www.tripadvisor.com/Hotel_Review-g28970-d84065-Reviews-Four_Seasons_Washington_D_C-Washington_DC_District_of_Columbia.html',041,04330),
(00000084066,'George Washington University Inn',3.0,'hotel','824 New Hampshire Avenue NW',20037,'Washington DC','DC',70,'http://www.tripadvisor.com/Hotel_Review-g28970-d84066-Reviews-George_Washington_University_Inn-Washington_DC_District_of_Columbia.html',NULL,04307),
(00000084067,'Grand Hyatt Washington',3.5,'hotel','1000 H St. NW',20001,'Washington DC','DC',157,'http://www.tripadvisor.com/Hotel_Review-g28970-d84067-Reviews-Grand_Hyatt_Washington-Washington_DC_District_of_Columbia.html',010,04277),
(00000084068,'Harrington Hotel',1.0,'hotel','436 11th St NW & E St',20004,'Washington DC','DC',20,'http://www.tripadvisor.com/Hotel_Review-g28970-d84068-Reviews-Harrington_Hotel-Washington_DC_District_of_Columbia.html',NULL,04263),
(00000084069,'The Henley Park Hotel',3.5,'hotel','926 Massachusetts Ave',20001,'Washington DC','DC',165,'http://www.tripadvisor.com/Hotel_Review-g28970-d84069-Reviews-The_Henley_Park_Hotel-Washington_DC_District_of_Columbia.html',NULL,04287),
(00000084070,'Washington Marriott at Metro Center',3.5,'hotel','775 12th St. NW',20005,'Washington DC','DC',78,'http://www.tripadvisor.com/Hotel_Review-g28970-d84070-Reviews-Washington_Marriott_at_Metro_Center-Washington_DC_District_of_Columbia.html',050,04297),
(00000084072,'Holiday Inn Washington - Georgetown',3.0,'hotel','2101 Wisconsin Ave NW',20007,'Washington DC','DC',109,'http://www.tripadvisor.com/Hotel_Review-g28970-d84072-Reviews-Holiday_Inn_Washington_Georgetown-Washington_DC_District_of_Columbia.html',115,04264),
(00000084073,'Holiday Inn Washington - Central / White House',3.0,'hotel','1501 Rhode Island Ave. NW',20005,'Washington DC','DC',115,'http://www.tripadvisor.com/Hotel_Review-g28970-d84073-Reviews-Holiday_Inn_Washington_Central_White_House-Washington_DC_District_of_Columbia.html',115,04282),
(00000084074,'Holiday Inn Washington - Capitol',3.0,'hotel','550 C St. SW',20024,'Washington DC','DC',101,'http://www.tripadvisor.com/Hotel_Review-g28970-d84074-Reviews-Holiday_Inn_Washington_Capitol-Washington_DC_District_of_Columbia.html',115,04275),
(00000084075,'Helix, a Kimpton Hotel',3.5,'hotel','1430 Rhode Island Ave. NW',20005,'Washington DC','DC',159,'http://www.tripadvisor.com/Hotel_Review-g28970-d84075-Reviews-Helix_a_Kimpton_Hotel-Washington_DC_District_of_Columbia.html',NULL,04318),
(00000084076,'Howard Johnson Express Inn - Washington',1.0,'hotel','600 New York Avenue NE',20002,'Washington DC','DC',17,'http://www.tripadvisor.com/Hotel_Review-g28970-d84076-Reviews-Howard_Johnson_Express_Inn_Washington-Washington_DC_District_of_Columbia.html',173,04249),
(00000084078,'Hyatt Regency Washington on Capitol Hill',3.5,'hotel','400 New Jersey Ave. NW',20001,'Washington DC','DC',110,'http://www.tripadvisor.com/Hotel_Review-g28970-d84078-Reviews-Hyatt_Regency_Washington_on_Capitol_Hill-Washington_DC_District_of_Columbia.html',045,04234),
(00000084079,'JW Marriott Washington DC',4.0,'hotel','1331 Pennsylvania Ave NW',20004,'Washington DC','DC',160,'http://www.tripadvisor.com/Hotel_Review-g28970-d84079-Reviews-JW_Marriott_Washington_DC-Washington_DC_District_of_Columbia.html',016,04302),
(00000084080,'The Quincy',3.0,'hotel','1823 L St. NW',20036,'Washington DC','DC',58,'http://www.tripadvisor.com/Hotel_Review-g28970-d84080-Reviews-The_Quincy-Washington_DC_District_of_Columbia.html',NULL,04224),
(00000084081,'L\'Enfant Plaza Hotel',3.5,'hotel','480 L\'Enfant Plaza',20024,'Washington DC','DC',196,'http://www.tripadvisor.com/Hotel_Review-g28970-d84081-Reviews-L_Enfant_Plaza_Hotel-Washington_DC_District_of_Columbia.html',NULL,04266),
(00000084082,'Hotel Lombardy',3.5,'hotel','2019 Pennsylvania Ave NW',20006,'Washington DC','DC',137,'http://www.tripadvisor.com/Hotel_Review-g28970-d84082-Reviews-Hotel_Lombardy-Washington_DC_District_of_Columbia.html',NULL,04222),
(00000084083,'Washington Marriott',3.5,'hotel','1221 22nd Street NW',20037,'Washington DC','DC',105,'http://www.tripadvisor.com/Hotel_Review-g28970-d84083-Reviews-Washington_Marriott-Washington_DC_District_of_Columbia.html',050,04231),
(00000084084,'Morrison-Clark Historic Inn',3.5,'hotel','1015 L St NW',20001,'Washington DC','DC',228,'http://www.tripadvisor.com/Hotel_Review-g28970-d84084-Reviews-Morrison_Clark_Historic_Inn-Washington_DC_District_of_Columbia.html',NULL,04305),
(00000084086,'The Normandy Hotel',3.0,'hotel','2118 Wyoming Ave. NW',20008,'Washington DC','DC',56,'http://www.tripadvisor.com/Hotel_Review-g28970-d84086-Reviews-The_Normandy_Hotel-Washington_DC_District_of_Columbia.html',NULL,04300),
(00000084093,'Palomar Washington DC, a Kimpton Hotel',4.0,'hotel','2121 P Street NW',20037,'Washington DC','DC',103,'http://www.tripadvisor.com/Hotel_Review-g28970-d84093-Reviews-Palomar_Washington_DC_a_Kimpton_Hotel-Washington_DC_District_of_Columbia.html',NULL,04331),
(00000084167,'Hilton Los Angeles Airport',3.5,'hotel','5711 West Century Boulevard',90045,'Los Angeles','CA',204,'http://www.tripadvisor.com/Hotel_Review-g32655-d84167-Reviews-Hilton_Los_Angeles_Airport-Los_Angeles_California.html',042,01246),
(00000087617,'Hyatt Regency Chicago',4.0,'hotel','151 East Wacker Drive',60601,'Chicago','IL',321,'http://www.tripadvisor.com/Hotel_Review-g35805-d87617-Reviews-Hyatt_Regency_Chicago-Chicago_Illinois.html',045,00966),
(00000088186,'The Westin Indianapolis',4.0,'hotel','50 South Capitol Ave.',46204,'Indianapolis','IN',175,'http://www.tripadvisor.com/Hotel_Review-g37209-d88186-Reviews-The_Westin_Indianapolis-Indianapolis_Indiana.html',057,03102),
(00000089599,'Omni Parker House',4.0,'hotel','60 School Street',2108,'Boston','MA',183,'http://www.tripadvisor.com/Hotel_Review-g60745-d89599-Reviews-Omni_Parker_House-Boston_Massachusetts.html',056,03857),
(00000090959,'Homewood Suites by Hilton Chicago Downtown',3.0,'hotel','40 East Grand Avenue',60611,'Chicago','IL',105,'http://www.tripadvisor.com/Hotel_Review-g35805-d90959-Reviews-Homewood_Suites_by_Hilton_Chicago_Downtown-Chicago_Illinois.html',079,00995),
(00000093359,'Econo Lodge Times Square',2.0,'hotel','302 West 47th Street',10036,'New York City','NY',43,'http://www.tripadvisor.com/Hotel_Review-g60763-d93359-Reviews-Econo_Lodge_Times_Square-New_York_City_New_York.html',156,00674),
(00000093559,'The Sherry-Netherland Hotel',4.5,'hotel','781 Fifth Avenue',10022,'New York City','NY',139,'http://www.tripadvisor.com/Hotel_Review-g60763-d93559-Reviews-The_Sherry_Netherland_Hotel-New_York_City_New_York.html',NULL,00009),
(00000093568,'Algonquin Hotel Times Square, Autograph Collection',4.0,'hotel','59 W 44th St',10036,'New York City','NY',323,'http://www.tripadvisor.com/Hotel_Review-g60763-d93568-Reviews-Algonquin_Hotel_Times_Square_Autograph_Collection-New_York_City_New_York.html',019,00744),
(00000093585,'Lowell Hotel',5.0,'hotel','28 East 63rd Street',10065,'New York City','NY',505,'http://www.tripadvisor.com/Hotel_Review-g60763-d93585-Reviews-Lowell_Hotel-New_York_City_New_York.html',NULL,00829),
(00000093624,'The Towers of the Waldorf Astoria',5.0,'hotel','100 East 50th St',10022,'New York City','NY',259,'http://www.tripadvisor.com/Hotel_Review-g60763-d93624-Reviews-The_Towers_of_the_Waldorf_Astoria-New_York_City_New_York.html',007,00822),
(00000096688,'Embassy Suites Philadelphia - Center City',3.5,'hotel','1776 Benjamin Franklin Pkwy',19103,'Philadelphia','PA',99,'http://www.tripadvisor.com/Hotel_Review-g60795-d96688-Reviews-Embassy_Suites_Philadelphia_Center_City-Philadelphia_Pennsylvania.html',077,01378),
(00000096705,'Holiday Inn Express Philadelphia Midtown',2.5,'hotel','1305-11 Walnut Street',19107,'Philadelphia','PA',56,'http://www.tripadvisor.com/Hotel_Review-g60795-d96705-Reviews-Holiday_Inn_Express_Philadelphia_Midtown-Philadelphia_Pennsylvania.html',140,01330),
(00000098420,'Embassy Suites Austin - Downtown/Town Lake Austin Texas',3.5,'hotel','300 South Congress Avenue',78704,'Austin','TX',191,'http://www.tripadvisor.com/Hotel_Review-g30196-d98420-Reviews-Embassy_Suites_Austin_Downtown_Town_Lake_Austin_Texas-Austin_Texas.html',077,02797),
(00000098453,'Omni Austin Hotel Downtown',4.0,'hotel','700 San Jacinto Blvd at 8th St',78701,'Austin','TX',101,'http://www.tripadvisor.com/Hotel_Review-g30196-d98453-Reviews-Omni_Austin_Hotel_Downtown-Austin_Texas.html',056,02948),
(00000098920,'Houston Marriott Westchase',3.5,'hotel','2900 Briarpark Dr.',77042,'Houston','TX',156,'http://www.tripadvisor.com/Hotel_Review-g56003-d98920-Reviews-Houston_Marriott_Westchase-Houston_Texas.html',050,00039),
(00000098954,'DoubleTree Suites by Hilton Houston by the Galleria',3.5,'hotel','5353 Westheimer Road',77056,'Houston','TX',78,'http://www.tripadvisor.com/Hotel_Review-g56003-d98954-Reviews-DoubleTree_Suites_by_Hilton_Houston_by_the_Galleria-Houston_Texas.html',043,00341),
(00000098964,'Holiday Inn Houston Hobby Airport',3.0,'hotel','8611 Airport Blvd.',77061,'Houston','TX',140,'http://www.tripadvisor.com/Hotel_Review-g56003-d98964-Reviews-Holiday_Inn_Houston_Hobby_Airport-Houston_Texas.html',115,00090),
(00000099010,'JW Marriott Houston',4.0,'hotel','5150 Westheimer Road',77056,'Houston','TX',285,'http://www.tripadvisor.com/Hotel_Review-g56003-d99010-Reviews-JW_Marriott_Houston-Houston_Texas.html',016,00374),
(00000099060,'Omni Houston Hotel',4.5,'hotel','4 Riverway',77056,'Houston','TX',375,'http://www.tripadvisor.com/Hotel_Review-g56003-d99060-Reviews-Omni_Houston_Hotel-Houston_Texas.html',056,00019),
(00000099103,'Sheraton Suites Houston Near The Galleria',3.5,'hotel','2400 West Loop South',77027,'Houston','TX',139,'http://www.tripadvisor.com/Hotel_Review-g56003-d99103-Reviews-Sheraton_Suites_Houston_Near_The_Galleria-Houston_Texas.html',059,00347),
(00000099114,'Westin Galleria Houston Hotel',4.0,'hotel','5060 West Alabama Street',77056,'Houston','TX',293,'http://www.tripadvisor.com/Hotel_Review-g56003-d99114-Reviews-Westin_Galleria_Houston_Hotel-Houston_Texas.html',057,00034),
(00000099132,'Hilton Houston Westchase',3.5,'hotel','9999 Westheimer Road',77042,'Houston','TX',162,'http://www.tripadvisor.com/Hotel_Review-g56003-d99132-Reviews-Hilton_Houston_Westchase-Houston_Texas.html',042,00063),
(00000099135,'Westin Oaks Houston at the Galleria',4.0,'hotel','5011 Westheimer Road at Post Oak Blvd.',77056,'Houston','TX',281,'http://www.tripadvisor.com/Hotel_Review-g56003-d99135-Reviews-Westin_Oaks_Houston_at_the_Galleria-Houston_Texas.html',057,00378),
(00000099137,'Hilton Houston North',3.5,'hotel','12400 Greenspoint Drive',77060,'Houston','TX',163,'http://www.tripadvisor.com/Hotel_Review-g56003-d99137-Reviews-Hilton_Houston_North-Houston_Texas.html',042,00414),
(00000099392,'Hotel Metro',3.0,'hotel','45 W 35th St',10001,'New York City','NY',149,'http://www.tripadvisor.com/Hotel_Review-g60763-d99392-Reviews-Hotel_Metro-New_York_City_New_York.html',NULL,00803),
(00000099455,'Hyatt Regency San Antonio',4.0,'hotel','123 Losoya Street',78205,'San Antonio','TX',104,'http://www.tripadvisor.com/Hotel_Review-g60956-d99455-Reviews-Hyatt_Regency_San_Antonio-San_Antonio_Texas.html',045,01417),
(00000099504,'DoubleTree Hotel San Antonio Airport',3.5,'hotel','37 NE Loop 410 (at McCullough)',78216,'San Antonio','TX',183,'http://www.tripadvisor.com/Hotel_Review-g60956-d99504-Reviews-DoubleTree_Hotel_San_Antonio_Airport-San_Antonio_Texas.html',043,01866),
(00000100570,'The Westin Seattle',4.0,'hotel','1900 5th Ave.',98101,'Seattle','WA',292,'http://www.tripadvisor.com/Hotel_Review-g60878-d100570-Reviews-The_Westin_Seattle-Seattle_Washington.html',057,03706),
(00000100585,'Hotel Vintage Park - a Kimpton Hotel',4.0,'hotel','1100 Fifth Avenue',98101,'Seattle','WA',312,'http://www.tripadvisor.com/Hotel_Review-g60878-d100585-Reviews-Hotel_Vintage_Park_a_Kimpton_Hotel-Seattle_Washington.html',NULL,03797),
(00000100617,'Hilton Seattle Airport & Conference Center',3.5,'hotel','17620 Pacific Highway South',98188,'Seattle','WA',55,'http://www.tripadvisor.com/Hotel_Review-g60878-d100617-Reviews-Hilton_Seattle_Airport_Conference_Center-Seattle_Washington.html',042,03700),
(00000107836,'The St. Regis Houston',5.0,'hotel','1919 Briar Oaks Lane',77027,'Houston','TX',280,'http://www.tripadvisor.com/Hotel_Review-g56003-d107836-Reviews-The_St_Regis_Houston-Houston_Texas.html',028,00836),
(00000107956,'Extended Stay America - Houston - Northwest',2.5,'hotel','5454 Hollister Street',77040,'Houston','TX',96,'http://www.tripadvisor.com/Hotel_Review-g56003-d107956-Reviews-Extended_Stay_America_Houston_Northwest-Houston_Texas.html',178,00028),
(00000108038,'Hilton University of Houston',3.5,'hotel','4800 Calhoun Rd',77004,'Houston','TX',112,'http://www.tripadvisor.com/Hotel_Review-g56003-d108038-Reviews-Hilton_University_of_Houston-Houston_Texas.html',042,00024),
(00000108306,'Hotel Indigo San Antonio Riverwalk',3.0,'hotel','830 N. St. Mary\'s Street',78205,'San Antonio','TX',149,'http://www.tripadvisor.com/Hotel_Review-g60956-d108306-Reviews-Hotel_Indigo_San_Antonio_Riverwalk-San_Antonio_Texas.html',082,01916),
(00000108736,'Extended Stay Deluxe - San Antonio - Colonnade',2.5,'hotel','4331 Spectrum One',78230,'San Antonio','TX',45,'http://www.tripadvisor.com/Hotel_Review-g60956-d108736-Reviews-Extended_Stay_Deluxe_San_Antonio_Colonnade-San_Antonio_Texas.html',NULL,01680),
(00000109367,'Dallas Marriott Suites Medical/Market Center',3.5,'hotel','2493 North Stemmons Freeway',75207,'Dallas','TX',124,'http://www.tripadvisor.com/Hotel_Review-g55711-d109367-Reviews-Dallas_Marriott_Suites_Medical_Market_Center-Dallas_Texas.html',050,02177),
(00000109427,'Extended Stay Deluxe - Dallas - Market Center',2.5,'hotel','2979 North Stemmons Fwy (I-35E)',75247,'Dallas','TX',102,'http://www.tripadvisor.com/Hotel_Review-g55711-d109427-Reviews-Extended_Stay_Deluxe_Dallas_Market_Center-Dallas_Texas.html',NULL,02193),
(00000113298,'Four Seasons Hotel New York',5.0,'hotel','57 East 57th Street',10022,'New York City','NY',169,'http://www.tripadvisor.com/Hotel_Review-g60763-d113298-Reviews-Four_Seasons_Hotel_New_York-New_York_City_New_York.html',041,00800),
(00000113923,'Hotel Kabuki, a Joie de Vivre hotel',3.5,'hotel','1625 Post St',94115,'San Francisco','CA',92,'http://www.tripadvisor.com/Hotel_Review-g60713-d113923-Reviews-Hotel_Kabuki_a_Joie_de_Vivre_hotel-San_Francisco_California.html',NULL,02754),
(00000114134,'The Lenox Hotel',4.0,'hotel','61 Exeter Street at Boylston',2116,'Boston','MA',199,'http://www.tripadvisor.com/Hotel_Review-g60745-d114134-Reviews-The_Lenox_Hotel-Boston_Massachusetts.html',NULL,03883),
(00000114149,'The Langham, Boston',4.5,'hotel','250 Franklin St',2110,'Boston','MA',83,'http://www.tripadvisor.com/Hotel_Review-g60745-d114149-Reviews-The_Langham_Boston-Boston_Massachusetts.html',NULL,03871),
(00000115623,'InterContinental Mark Hopkins San Francisco',4.0,'hotel','1 Nob Hill',94108,'San Francisco','CA',283,'http://www.tripadvisor.com/Hotel_Review-g60713-d115623-Reviews-InterContinental_Mark_Hopkins_San_Francisco-San_Francisco_California.html',012,02776),
(00000120988,'Hilton Boston Logan Airport',4.0,'hotel','One Hotel Drive',2128,'Boston','MA',223,'http://www.tripadvisor.com/Hotel_Review-g60745-d120988-Reviews-Hilton_Boston_Logan_Airport-Boston_Massachusetts.html',042,03850),
(00000123039,'DoubleTree Suites by Hilton Hotel Seattle Airport - Southcenter',3.0,'hotel','16500 Southcenter Pkwy.',98188,'Seattle','WA',102,'http://www.tripadvisor.com/Hotel_Review-g60878-d123039-Reviews-DoubleTree_Suites_by_Hilton_Hotel_Seattle_Airport_Southcenter-Seattle_Washington.html',043,03780),
(00000126260,'The New York Palace Hotel',4.5,'hotel','455 Madison Ave',10022,'New York City','NY',102,'http://www.tripadvisor.com/Hotel_Review-g60763-d126260-Reviews-The_New_York_Palace_Hotel-New_York_City_New_York.html',NULL,00810),
(00000208453,'Hilton Times Square',4.0,'hotel','234 West 42nd Street',10036,'New York City','NY',177,'http://www.tripadvisor.com/Hotel_Review-g60763-d208453-Reviews-Hilton_Times_Square-New_York_City_New_York.html',042,00824),
(00000218770,'Rancho Bernardo Inn',4.0,'hotel','17550 Bernardo Oaks Drive',92128,'San Diego','CA',287,'http://www.tripadvisor.com/Hotel_Review-g60750-d218770-Reviews-Rancho_Bernardo_Inn-San_Diego_California.html',NULL,01436),
(00000223145,'Embassy Suites Houston - Near the Galleria',3.5,'hotel','2911 Sage Road',77056,'Houston','TX',73,'http://www.tripadvisor.com/Hotel_Review-g56003-d223145-Reviews-Embassy_Suites_Houston_Near_the_Galleria-Houston_Texas.html',077,00419),
(00000223148,'Baymont Inn & Suites Houston',2.5,'hotel','502 N Sam Houston Parkway East',77060,'Houston','TX',62,'http://www.tripadvisor.com/Hotel_Review-g56003-d223148-Reviews-Baymont_Inn_Suites_Houston-Houston_Texas.html',146,00062),
(00000223151,'Hampton Inn and Suites Houston Medical Center - Reliant Park',2.5,'hotel','1715 Old Spanish Trail',77054,'Houston','TX',78,'http://www.tripadvisor.com/Hotel_Review-g56003-d223151-Reviews-Hampton_Inn_and_Suites_Houston_Medical_Center_Reliant_Park-Houston_Texas.html',108,00036),
(00000223154,'Hampton Inn Houston - Near The Galleria',2.5,'hotel','4500 Post Oak Parkway',77027,'Houston','TX',87,'http://www.tripadvisor.com/Hotel_Review-g56003-d223154-Reviews-Hampton_Inn_Houston_Near_The_Galleria-Houston_Texas.html',108,00058),
(00000223193,'Wingate by Wyndham Houston / Willowbrook',2.5,'hotel','9050 Mills Rd',77070,'Houston','TX',90,'http://www.tripadvisor.com/Hotel_Review-g56003-d223193-Reviews-Wingate_by_Wyndham_Houston_Willowbrook-Houston_Texas.html',150,00358),
(00000223686,'Hilton Austin Airport',3.5,'hotel','9515 Hotel Drive',78719,'Austin','TX',63,'http://www.tripadvisor.com/Hotel_Review-g30196-d223686-Reviews-Hilton_Austin_Airport-Austin_Texas.html',042,02932),
(00000224948,'Omni San Francisco Hotel',4.5,'hotel','500 California Street',94104,'San Francisco','CA',430,'http://www.tripadvisor.com/Hotel_Review-g60713-d224948-Reviews-Omni_San_Francisco_Hotel-San_Francisco_California.html',056,02963),
(00000239853,'BEST WESTERN PLUS Downtown Inn & Suites Houston',3.5,'hotel','915 West Dallas',77019,'Houston','TX',199,'http://www.tripadvisor.com/Hotel_Review-g56003-d239853-Reviews-BEST_WESTERN_PLUS_Downtown_Inn_Suites_Houston-Houston_Texas.html',133,00031),
(00000247108,'Hilton Garden Inn Houston Northwest',3.0,'hotel','7979 Willowchase Boulevard',77070,'Houston','TX',78,'http://www.tripadvisor.com/Hotel_Review-g56003-d247108-Reviews-Hilton_Garden_Inn_Houston_Northwest-Houston_Texas.html',078,00840),
(00000283873,'Hotel Icon, Autograph Collection',4.0,'hotel','220 Main Street',77002,'Houston','TX',120,'http://www.tripadvisor.com/Hotel_Review-g56003-d283873-Reviews-Hotel_Icon_Autograph_Collection-Houston_Texas.html',019,00026),
(00000286988,'Residence Inn by Marriott Houston West University',3.0,'hotel','2939 Westpark Drive',77005,'Houston','TX',66,'http://www.tripadvisor.com/Hotel_Review-g56003-d286988-Reviews-Residence_Inn_Houston_West_University-Houston_Texas.html',118,00402),
(00000455186,'JW Marriott Essex House New York',4.5,'hotel','160 Central Park South',10019,'New York City','NY',396,'http://www.tripadvisor.com/Hotel_Review-g60763-d455186-Reviews-JW_Marriott_Essex_House_New_York-New_York_City_New_York.html',016,00739),
(00000518371,'Hilton Garden Inn Houston Westbelt',3.0,'hotel','6855 W Sam Houston Pkwy S',77072,'Houston','TX',133,'http://www.tripadvisor.com/Hotel_Review-g56003-d518371-Reviews-Hilton_Garden_Inn_Houston_Westbelt-Houston_Texas.html',078,00422),
(00000526841,'Holiday Inn Austin Midtown',3.0,'hotel','6000 Middle Fiskville Road',78752,'Austin','TX',96,'http://www.tripadvisor.com/Hotel_Review-g30196-d526841-Reviews-Holiday_Inn_Austin_Midtown-Austin_Texas.html',115,02919),
(00000595438,'Extended Stay America - Houston - Katy Freeway - Energy Corridor',2.5,'hotel','15385 Katy Freeway, I-10',77094,'Houston','TX',51,'http://www.tripadvisor.com/Hotel_Review-g56003-d595438-Reviews-Extended_Stay_America_Houston_Katy_Freeway_Energy_Corridor-Houston_Texas.html',178,00091),
(00000608401,'Homewood Suites Houston near the Galleria',3.0,'hotel','2950 Sage Road',77056,'Houston','TX',71,'http://www.tripadvisor.com/Hotel_Review-g56003-d608401-Reviews-Homewood_Suites_Houston_near_the_Galleria-Houston_Texas.html',079,00410),
(00000611291,'Hampton Inn & Suites San Antonio-Airport',2.5,'hotel','8902 Jones Maltsberger Road',78216,'San Antonio','TX',64,'http://www.tripadvisor.com/Hotel_Review-g60956-d611291-Reviews-Hampton_Inn_Suites_San_Antonio_Airport-San_Antonio_Texas.html',109,01415),
(00000625335,'Andaz San Diego',4.0,'hotel','600 F Street, Gaslamp Quarter',92101,'San Diego','CA',167,'http://www.tripadvisor.com/Hotel_Review-g60750-d625335-Reviews-Andaz_San_Diego-San_Diego_California.html',044,01643),
(00000641273,'Hotel ZaZa Houston',4.0,'hotel','5701 Main Street',77005,'Houston','TX',160,'http://www.tripadvisor.com/Hotel_Review-g56003-d641273-Reviews-Hotel_ZaZa_Houston-Houston_Texas.html',NULL,00409),
(00000652607,'Doubletree by Hilton Dallas Market Center',3.5,'hotel','2015 Market Center Blvd',75207,'Dallas','TX',160,'http://www.tripadvisor.com/Hotel_Review-g55711-d652607-Reviews-Doubletree_by_Hilton_Dallas_Market_Center-Dallas_Texas.html',043,02314),
(00000677260,'The Arctic Club Seattle - a DoubleTree by Hilton Hotel',4.0,'hotel','700 3rd Ave (corner of Third and Cherry - hotel entrance on Cherry Street)',98104,'Seattle','WA',230,'http://www.tripadvisor.com/Hotel_Review-g60878-d677260-Reviews-The_Arctic_Club_Seattle_a_DoubleTree_by_Hilton_Hotel-Seattle_Washington.html',043,03794),
(00000878115,'Hampton Inn & Suites Columbus Polaris',2.5,'hotel','8411 Pulsar Place',43240,'Columbus','OH',80,'http://www.tripadvisor.com/Hotel_Review-g50226-d878115-Reviews-Hampton_Inn_Suites_Columbus_Polaris-Columbus_Ohio.html',109,03595),
(00001011240,'Hilton San Diego Bayfront',4.0,'hotel','1 Park Boulevard',92101,'San Diego','CA',148,'http://www.tripadvisor.com/Hotel_Review-g60750-d1011240-Reviews-Hilton_San_Diego_Bayfront-San_Diego_California.html',042,01636),
(00001149495,'Hotel Felix',4.0,'hotel','111 W. Huron St.',60654,'Chicago','IL',262,'http://www.tripadvisor.com/Hotel_Review-g35805-d1149495-Reviews-Hotel_Felix-Chicago_Illinois.html',NULL,00931),
(00001158926,'Hilton Garden Inn Houston Energy Corridor',3.0,'hotel','12245 Katy Freeway',77079,'Houston','TX',36,'http://www.tripadvisor.com/Hotel_Review-g56003-d1158926-Reviews-Hilton_Garden_Inn_Houston_Energy_Corridor-Houston_Texas.html',078,00029),
(00001176838,'Hilton Garden Inn Austin North',3.0,'hotel','12400 North IH-35 Building C',78753,'Austin','TX',67,'http://www.tripadvisor.com/Hotel_Review-g30196-d1176838-Reviews-Hilton_Garden_Inn_Austin_North-Austin_Texas.html',078,02908),
(00001200103,'Hotel Sorella CITYCENTRE',4.0,'hotel','800 Sorella Court',77024,'Houston','TX',98,'http://www.tripadvisor.com/Hotel_Review-g56003-d1200103-Reviews-Hotel_Sorella_CITYCENTRE-Houston_Texas.html',NULL,00025),
(00001200603,'Hyatt At Olive 8',4.0,'hotel','1635 8th Avenue',98101,'Seattle','WA',157,'http://www.tripadvisor.com/Hotel_Review-g60878-d1200603-Reviews-Hyatt_At_Olive_8-Seattle_Washington.html',081,03798),
(00001584731,'JW Marriott San Antonio Hill Country Resort & Spa',4.5,'hotel','23808 Resort Parkway',78232,'San Antonio','TX',366,'http://www.tripadvisor.com/Hotel_Review-g60956-d1584731-Reviews-JW_Marriott_San_Antonio_Hill_Country_Resort_Spa-San_Antonio_Texas.html',016,01983),
(00001657341,'Courtyard by Marriott Houston Medical Center',3.0,'hotel','7702 Main Street',77030,'Houston','TX',94,'http://www.tripadvisor.com/Hotel_Review-g56003-d1657341-Reviews-Courtyard_Houston_Medical_Center-Houston_Texas.html',116,00366),
(00001859056,'Embassy Suites Denver - Downtown / Convention Center',3.5,'hotel','1420 Stout Street',80202,'Denver','CO',81,'http://www.tripadvisor.com/Hotel_Review-g33388-d1859056-Reviews-Embassy_Suites_Denver_Downtown_Convention_Center-Denver_Colorado.html',077,04208),
(00001888977,'The Pearl Hotel',4.0,'hotel','233 West 49th Street',10019,'New York City','NY',86,'http://www.tripadvisor.com/Hotel_Review-g60763-d1888977-Reviews-The_Pearl_Hotel-New_York_City_New_York.html',NULL,01318),
(00001966350,'The Westin Houston Memorial City',4.0,'hotel','945 Gessner Road',77024,'Houston','TX',240,'http://www.tripadvisor.com/Hotel_Review-g56003-d1966350-Reviews-The_Westin_Houston_Memorial_City-Houston_Texas.html',057,00023);
